-- phpMyAdmin SQL Dump
-- version 5.2.1
-- https://www.phpmyadmin.net/
--
-- Host: 127.0.0.1
-- Generation Time: Nov 04, 2024 at 09:05 PM
-- Server version: 10.4.32-MariaDB
-- PHP Version: 8.2.12

SET SQL_MODE = "NO_AUTO_VALUE_ON_ZERO";
START TRANSACTION;
SET time_zone = "+00:00";


/*!40101 SET @OLD_CHARACTER_SET_CLIENT=@@CHARACTER_SET_CLIENT */;
/*!40101 SET @OLD_CHARACTER_SET_RESULTS=@@CHARACTER_SET_RESULTS */;
/*!40101 SET @OLD_COLLATION_CONNECTION=@@COLLATION_CONNECTION */;
/*!40101 SET NAMES utf8mb4 */;

--
-- Database: `masterpiece`
--

--
-- Dumping data for table `categories`
--

INSERT INTO `categories` (`id`, `name`, `image`, `deleted_at`, `created_at`, `updated_at`) VALUES
(1, 'consequatur', 'default.jpg', '2024-10-28 21:53:52', '2024-10-27 23:11:22', '2024-10-28 21:53:52'),
(2, 'Food', 'default.jpg', NULL, '2024-10-27 23:11:22', '2024-10-28 21:54:14'),
(3, 'ex', 'default.jpg', '2024-10-28 21:52:55', '2024-10-27 23:11:22', '2024-10-28 21:52:55'),
(4, 'Cat litter', 'default.jpg', NULL, '2024-10-27 23:11:22', '2024-11-04 06:42:54'),
(5, 'adipisci', 'default.jpg', '2024-10-28 21:52:59', '2024-10-27 23:11:22', '2024-10-28 21:52:59'),
(6, 'Collars', 'default.jpg', NULL, '2024-10-27 23:11:22', '2024-10-28 21:55:41'),
(7, 'quae', 'default.jpg', '2024-10-28 21:53:02', '2024-10-27 23:11:22', '2024-10-28 21:53:02'),
(8, 'totam', 'default.jpg', '2024-10-28 21:52:52', '2024-10-27 23:11:22', '2024-10-28 21:52:52'),
(9, 'repellendus', 'default.jpg', '2024-10-28 21:53:56', '2024-10-27 23:11:22', '2024-10-28 21:53:56'),
(10, 'voluptates', 'default.jpg', '2024-10-28 21:52:49', '2024-10-27 23:11:22', '2024-10-28 21:52:49'),
(11, 'Bed', NULL, NULL, '2024-10-28 21:58:45', '2024-10-28 21:58:45'),
(12, 'zzzzzzzzzz1234', '1730538184.png', '2024-11-02 00:03:12', '2024-11-02 00:02:29', '2024-11-02 00:03:12'),
(13, 'Toyes', NULL, NULL, '2024-11-04 06:44:33', '2024-11-04 06:44:33'),
(14, 'Care supplies', NULL, NULL, '2024-11-04 06:45:09', '2024-11-04 06:45:09');

--
-- Dumping data for table `contacts`
--

INSERT INTO `contacts` (`id`, `Fname`, `Lname`, `email`, `subject`, `message`, `deleted_at`, `created_at`, `updated_at`) VALUES
(1, 'tweety', 'yaseen', 'relamyaseen@gmail.com', 'hello', 'hollo', '2024-11-01 23:08:12', '2024-11-01 23:08:00', '2024-11-01 23:08:12'),
(2, 'tweety', 'yaseen', 'relamyaseen@gmail.com', 'hello', 'zxcv bnm', NULL, '2024-10-31 23:11:16', '2024-11-01 23:11:16'),
(3, 'tweety', 'yaseen', 'relamyaseen@gmail.com', 'hello', 'ooooooooooo', '2024-11-01 23:29:46', '2024-11-01 23:28:09', '2024-11-01 23:29:46'),
(4, 'tweety', 'yaseen', 'relamyaseen@gmail.com', 'hello', 'zxcvbnm', NULL, '2024-11-02 03:46:30', '2024-11-02 03:46:30');

--
-- Dumping data for table `migrations`
--

INSERT INTO `migrations` (`id`, `migration`, `batch`) VALUES
(1, '2014_10_12_100000_create_password_reset_tokens_table', 1),
(2, '2014_10_12_100000_create_password_resets_table', 1),
(3, '2019_08_19_000000_create_failed_jobs_table', 1),
(4, '2019_12_14_000001_create_personal_access_tokens_table', 1),
(5, '2024_10_05_000001_create_users_table', 1),
(6, '2024_10_05_000002_create_services_table', 1),
(7, '2024_10_05_000003_create_service_images_table', 1),
(8, '2024_10_05_000004_create_service_feedback_table', 1),
(9, '2024_10_05_000005_create_appointments_table', 1),
(10, '2024_10_05_000006_create_reminders_table', 1),
(11, '2024_10_05_000007_create_categories_table', 1),
(12, '2024_10_05_000008_create_products_table', 1),
(13, '2024_10_05_000009_create_product_images_table', 1),
(14, '2024_10_05_000010_create_product_details_table', 1),
(15, '2024_10_05_000011_create_product_feedback_table', 1),
(16, '2024_10_05_000012_create_order_products_table', 1),
(17, '2024_10_05_000013_create_pets_table', 1),
(18, '2024_10_05_000014_create_pet_images_table', 1),
(19, '2024_10_05_000015_create_to_adoupts_table', 1),
(20, '2024_10_05_000016_create_testimonials_table', 1),
(21, '2024_10_05_000017_create_contacts_table', 1);

--
-- Dumping data for table `pets`
--

INSERT INTO `pets` (`id`, `name`, `age`, `gender`, `type`, `information`, `pet_vaccinations_image`, `Special_needs`, `is_adopted`, `deleted_at`, `created_at`, `updated_at`) VALUES
(1, 'Tweety', '1', 'male', 'Shirazi', 'Intelligent and vocal enjoys companionship', '1730640764.png', 'Needs daily playtime and mental stimulation', '', NULL, '2024-10-27 23:11:22', '2024-11-04 15:35:57'),
(2, 'Misho', '2', 'male', 'Scottish Fold', 'Calm and affectionate prefers a quiet home', NULL, 'Daily grooming needed to maintain her coat', '', NULL, '2024-10-27 23:11:22', '2024-11-04 15:36:12'),
(3, 'roby', '4', 'male', 'Golden Retriever', 'Active and playful enjoys climbing and exploring', '1730640798.png', 'Needs lots of exercise and mental stimulation', '', NULL, '2024-10-27 23:11:22', '2024-11-04 15:37:10'),
(4, 'smarty', '1', 'female', 'Egyptian Mau', 'Gentle and affectionate loves being held', '1730641181.png', 'Regular grooming enjoys interactive play', '', NULL, '2024-10-27 23:11:22', '2024-11-04 15:40:19'),
(5, 'puppy', '3', 'female', 'Poodle', 'Intelligent and protective loyal to family', '1730643795.png', 'Needs structured training and socialization.', '', NULL, '2024-10-27 23:11:22', '2024-11-04 15:41:41'),
(6, 'Lusi', '3', 'female', 'Russian Blue', 'Curious and playful enjoys being around people', '1730641218.png', 'Requires plenty of playtime and mental stimulation', '', NULL, '2024-10-27 23:11:22', '2024-11-04 15:42:29'),
(10, 'Luna', '8', 'female', 'Shirazi', 'Friendly and sociable loves to cuddle', NULL, 'Regular vet check-ups for skeletal health', '', NULL, '2024-10-27 23:11:22', '2024-11-04 15:43:51'),
(11, 'Amiya', '2', 'male', 'Himalayan', 'Calm and good-natured adapts well to apartment life', '1730641243.png', 'Requires regular grooming due to long fur', '', NULL, '2024-10-27 23:11:22', '2024-11-04 15:44:28'),
(12, 'Max', '1', 'male', 'Bulldog', 'Curious and brave loves burrowing', '1730641254.png', 'Needs a cool environment due to sensitivity to heat', '', NULL, '2024-10-27 23:11:22', '2024-11-04 15:57:57'),
(13, 'Luna', '2', 'female', 'Poodle', 'Energetic and smart loves being active.', '1730641269.png', 'Requires intensive daily exercise and mental challenges', '', NULL, '2024-10-27 23:11:22', '2024-11-04 15:48:59'),
(14, 'Mae', '1', 'female', 'Egyptian Mau', 'Highly intelligent and energetic excels in agility', '1730641280.png', 'Needs gentle handling and warmth in colder climates', '', NULL, '2024-10-27 23:11:22', '2024-11-04 15:50:07'),
(15, 'Bella', '1', 'male', 'Shirazi', 'Bold personality small but protective', '1730647928.png', 'Regular grooming and ear checks to prevent infections', '', NULL, '2024-10-27 23:11:22', '2024-11-04 15:51:20'),
(16, 'Toby', '1', 'male', 'Himalayan', 'Friendly and playful great with kids', '1730641347.png', 'Needs large living space and orthopedic support', '', NULL, '2024-10-27 23:11:22', '2024-11-04 15:52:15'),
(17, 'Oliver', '2', 'male', 'Bulldog', 'Alert and hard-working great stamina', '1730641365.png', 'Needs lots of exercise and mentally challenging tasks', '', NULL, '2024-10-27 23:11:22', '2024-11-04 15:53:03'),
(18, 'Milo', '1', 'female', 'Persian', 'Sweet and gentle loves being around people', '1730641392.png', 'Regular heart check-ups and daily companionship.', '', NULL, '2024-10-27 23:11:22', '2024-11-04 15:54:00'),
(19, 'Fae', '13', 'female', 'cat', 'Qui nam natus impedit totam error et exercitationem.', '1730641402.png', NULL, '', '2024-11-03 12:46:13', '2024-10-27 23:11:22', '2024-11-03 12:46:13'),
(20, 'Leanne', '5', 'female', 'dog', 'Totam quod sit unde aspernatur magnam alias ut.', NULL, NULL, '', '2024-11-03 12:46:19', '2024-10-27 23:11:22', '2024-11-03 12:46:19'),
(21, 'Coralie', '4', 'female', 'hamster', 'Dignissimos dicta dolorem recusandae impedit accusantium.', '1730132488.jpg', NULL, '', '2024-11-03 12:46:24', '2024-10-27 23:11:22', '2024-11-03 12:46:24'),
(22, 'Madalyn Barrows', '12', 'female', 'dog', 'Magni doloremque molestiae cupiditate omnis.', '1730132364.jpg', '', '', '2024-11-03 10:31:15', '2024-10-27 23:11:22', '2024-11-03 10:31:15'),
(23, 'Carli Gutmann', '6', 'female', 'cat', 'Provident et aperiam incidunt debitis reprehenderit.', '1730132382.jpg', '', '', '2024-11-03 10:31:11', '2024-10-27 23:11:22', '2024-11-03 10:31:11'),
(24, 'Ms. Alexandrine Jakubowski', '9', 'female', 'hamster', 'Optio animi nulla magnam incidunt voluptatum soluta.', '1730132364.jpg', '', '', '2024-11-03 10:31:06', '2024-10-27 23:11:22', '2024-11-03 10:31:06'),
(25, 'Eleanore Ritchie DVM', '13', 'female', 'bird', 'Velit adipisci magni velit eum.', '1730132488.jpg', '', '', '2024-10-30 17:22:02', '2024-10-27 23:11:22', '2024-10-30 17:22:02'),
(26, 'Cat sand', '8', 'male', 'Cat', 'asdfghj', NULL, '', '', '2024-10-30 17:21:56', '2024-10-29 14:35:40', '2024-10-30 17:21:56'),
(27, 'Rasha Yaseen', '2222222', 'female', 'sherazi', 'ooooooooooooooooooooooooooooooo', NULL, NULL, 'Available', '2024-11-03 10:31:01', '2024-11-03 09:53:51', '2024-11-03 10:31:01');

--
-- Dumping data for table `pet_images`
--

INSERT INTO `pet_images` (`id`, `image`, `pet_id`, `created_at`, `updated_at`) VALUES
(4, 'uploads/pet/6727725f42864_png', 27, NULL, NULL),
(5, 'uploads/pet/6727725f42df0_png', 27, NULL, NULL),
(6, 'uploads/pet/6727725f4305a_png', 27, NULL, NULL),
(7, 'uploads/pet/6727725f43301_png', 27, NULL, NULL),
(8, 'uploads/pet/6727725f43599_png', 27, NULL, NULL),
(9, 'uploads/pet/6727725f43945_png', 27, NULL, NULL),
(10, 'uploads/pet/6727725f43cce_png', 27, NULL, NULL),
(11, 'uploads/pet/6727725f44246_png', 27, NULL, NULL),
(12, 'uploads/pet/67277f559a83a_jpg', 1, NULL, NULL),
(13, 'uploads/pet/67277f5df0d4f_jpg', 2, NULL, NULL),
(14, 'uploads/pet/67277f657264d_jpg', 3, NULL, NULL),
(15, 'uploads/pet/67277f6ebdef2_jpg', 4, NULL, NULL),
(16, 'uploads/pet/67277f7742d35_jpg', 5, NULL, NULL),
(17, 'uploads/pet/67277f7ff26f5_jpg', 6, NULL, NULL),
(18, 'uploads/pet/672780022c3b7_jpeg', 1, NULL, NULL),
(19, 'uploads/pet/6727800a9fc11_webp', 1, NULL, NULL),
(20, 'uploads/pet/672780bab7745_webp', 2, NULL, NULL),
(21, 'uploads/pet/672780c53516b_webp', 2, NULL, NULL),
(22, 'uploads/pet/672781b60a351_jpg', 3, NULL, NULL),
(24, 'uploads/pet/672782485c1e7_webp', 4, NULL, NULL),
(25, 'uploads/pet/672782485c882_jpg', 4, NULL, NULL),
(26, 'uploads/pet/6727829c22e01_jpg', 5, NULL, NULL),
(27, 'uploads/pet/67278329edfb1_jpg', 6, NULL, NULL),
(30, 'uploads/pet/672784816c3ba_webp', 18, NULL, NULL),
(31, 'uploads/pet/672785005a30d_jpg', 14, NULL, NULL),
(32, 'uploads/pet/672785005ab68_webp', 14, NULL, NULL),
(45, 'uploads/pet/67278eb707280_jpg', 13, NULL, NULL),
(46, 'uploads/pet/67278ed4752bf_jpg', 13, NULL, NULL),
(49, 'uploads/pet/67279041de2c0_jpg', 12, NULL, NULL),
(50, 'uploads/pet/672790674f34b_png', 12, NULL, NULL),
(51, 'uploads/pet/67279181095e4_jpg', 17, NULL, NULL),
(52, 'uploads/pet/672791af14bdd_jpg', 17, NULL, NULL),
(55, 'uploads/pet/672796e0dce3e_jpeg', 10, NULL, NULL),
(56, 'uploads/pet/672796e0ddb69_jpg', 10, NULL, NULL),
(57, 'uploads/pet/6727976a5f886_jpg', 15, NULL, NULL),
(61, 'uploads/pet/672798c13e839_webp', 11, NULL, NULL),
(63, 'uploads/pet/672799e7eb7bd_jpg', 16, NULL, NULL),
(64, 'uploads/pet/672799e7ec279_jpeg', 16, NULL, NULL),
(67, 'uploads/pet/67279aabb68d5_jpeg', 20, NULL, NULL);

--
-- Dumping data for table `products`
--

INSERT INTO `products` (`id`, `name`, `small_description`, `description`, `price`, `quantity`, `category_id`, `deleted_at`, `created_at`, `updated_at`) VALUES
(1, 'CAT LITTER', 'CAT LITTER offers premium, low-dust litter with powerful odor control for a cleaner, fresher home.', 'CAT LITTER is a trusted brand committed to providing premium cat litter solutions that meet the needs of both pets and their owners. Our formulas are crafted for maximum odor absorption, keeping your home fresh while maintaining a low-dust and hypoallergenic environment that\'s gentle on sensitive paws and respiratory systems. CAT LITTER offers a variety of types, including clumping, non-clumping, and natural, ensuring a perfect fit for any lifestyle. With easy maintenance and superior odor control, CAT LITTER is designed to make cleaning the litter box simple, allowing you more time to enjoy with your furry friend. Join thousands of satisfied cat owners who trust CAT LITTER to deliver quality and peace of mind with every scoop.', 4.99, 100, 4, NULL, '2024-10-27 23:11:22', '2024-11-04 10:14:11'),
(5, 'Purrfect Rest', 'Cozy and supportive, this pet bed is designed to give your pet a comfortable and restful place to sleep.', 'This luxurious pet bed is crafted with premium, soft materials to create a cozy and inviting space where your pet can relax and recharge. Featuring a plush, cushioned surface and supportive raised edges, it provides both comfort and security for pets who love to curl up. The non-slip bottom ensures the bed stays in place, while the removable, machine-washable cover makes cleaning a breeze. Ideal for any pet, this bed blends seamlessly into any home décor, offering a stylish and functional addition to your space. Treat your pet to ultimate relaxation with a bed designed just for them', 15.50, 70, 11, NULL, '2024-10-27 23:11:22', '2024-11-04 07:07:52'),
(7, 'Instinct', 'Instinct Cat Food offers high-quality, grain-free nutrition made with real meat and fresh ingredients. Packed with protein and essential nutrients, it promotes healthy digestion and supports overall well-being in cats of all life stages.', 'Instinct Cat Food is a premium, grain-free option that prioritizes your cat\'s health and vitality. Crafted with real, high-quality meat as the first ingredient, this cat food provides the essential protein cats need for strong muscles and a healthy lifestyle. The blend includes a variety of fresh fruits and vegetables, offering a rich source of vitamins and minerals to support overall wellness.\r\n\r\nInstinct\'s unique raw coating enhances flavor and palatability, ensuring your cat enjoys every bite. With a focus on natural ingredients and balanced nutrition, Instinct is suitable for cats of all ages, promoting healthy digestion and a shiny coat. Whether you’re feeding a playful kitten or a seasoned adult cat, Instinct Cat Food is designed to meet their nutritional needs and support their instinctual behaviors. Choose Instinct for a diet that mirrors the ancestral diet of cats, keeping them happy and thriving', 7.99, 86, 2, NULL, '2024-10-27 23:11:22', '2024-11-04 10:14:21'),
(11, 'PawPerfect Collars', 'PawPerfect Collars combine style and comfort, crafted from durable materials with adjustable designs for a perfect fit. Available in various colors and patterns, they ensure your pet looks great while staying secure during walks', 'PawPerfect Collars are the ultimate blend of style, safety, and comfort for your beloved pets. Made from high-quality, durable materials, these collars are designed to withstand everyday wear while providing a secure fit. The adjustable design allows for easy customization, ensuring your pet is comfortable and secure.\r\n\r\nAvailable in a wide range of vibrant colors and unique patterns, PawPerfect Collars let you express your pet\'s personality while keeping them safe. Each collar features a sturdy D-ring for attaching ID tags and leashes, making it ideal for walks, training, or playtime. With PawPerfect Collars, you can trust that your furry friend will not only look fabulous but also be safe and secure on every adventure', 0.99, 30, 6, NULL, '2024-10-28 21:58:09', '2024-11-04 07:16:44'),
(12, 'Purrfect Litter Box', 'The Purrfect Clean Litter Box features a high-sided design to prevent spills and a discreet cover for privacy. Its easy-to-clean surface and odor-control technology make it a practical choice for maintaining a fresh and tidy space for your cat', 'The Purrfect Clean Litter Box is designed to provide your feline friend with the ultimate bathroom experience while keeping your home clean and odor-free. Featuring a high-sided design, this litter box effectively prevents spills and litter scatter, ensuring that your floors remain tidy. The discreet cover offers your cat the privacy they desire while also containing odors for a more pleasant environment.\r\n\r\nConstructed from durable, easy-to-clean materials, the Purrfect Clean Litter Box makes maintenance a breeze. Its smooth surface allows for quick scooping and hassle-free cleaning, so you can spend more time enjoying your cat\'s company. The built-in odor-control technology neutralizes unpleasant smells, keeping your home fresh and inviting. Suitable for cats of all sizes, the Purrfect Clean Litter Box is the ideal solution for any cat owner looking to balance functionality with style', 15.75, 40, 4, NULL, '2024-10-28 21:59:18', '2024-11-04 10:14:28'),
(13, 'LindoCat', 'LindoCat Premium Cat Litter offers superior odor control and exceptional clumping abilities, ensuring a clean and fresh environment for your feline friend. Made from natural, biodegradable materials, it\'s safe for both cats and the planet.', 'LindoCat Premium Cat Litter is the ultimate choice for cat owners who value cleanliness, comfort, and sustainability. Formulated with advanced clumping technology, this litter quickly absorbs moisture and forms tight clumps, making scooping effortless and efficient. Say goodbye to unpleasant odors—LindoCat\'s superior odor control keeps your home smelling fresh, even between cleanings.\r\n\r\nCrafted from natural, biodegradable materials, LindoCat is gentle on your cat’s paws and safe for the environment. Its dust-free formula minimizes mess and promotes better air quality, making it ideal for both you and your feline companion. With LindoCat, you can provide a comfortable and hygienic litter experience, while also making an eco-friendly choice.\r\n\r\nAvailable in various package sizes, LindoCat Premium Cat Litter is perfect for multi-cat households or single-cat families. Choose LindoCat for a cleaner, fresher, and more sustainable litter solution that both you and your cat will love', 2.99, 65, 4, NULL, '2024-10-28 21:59:40', '2024-11-04 07:31:33'),
(14, 'CozyNest Bed', 'Let your pet rest in ultimate comfort with the CozyNest Bed—perfect for cozy naps and relaxation', 'The SnuggleSpot Pet Bed is the ultimate in comfort and relaxation, offering your furry friend a soft and supportive place to rest. Crafted with premium, ultra-soft materials, this bed is designed to provide a cozy haven that feels safe and warm. The bed’s high bolster edges provide a sense of security, perfect for pets who love to curl up or lean against something soft while they nap.\r\n\r\nThe SnuggleSpot features a plush, cushioned base that helps alleviate pressure on joints, making it an ideal choice for both young pets who need a comfortable spot after playtime and senior pets needing extra support. Its durable, machine-washable cover is designed for easy maintenance, ensuring it stays fresh and clean for your pet’s next nap.\r\n\r\nPerfectly sized to fit any corner of your home, SnuggleSpot Pet Bed blends function with style, seamlessly fitting into any room’s decor. Whether it’s after a playful day or simply a place to lounge, this bed offers a level of comfort that pets love and owners trust. Give your pet the gift of relaxation with the SnuggleSpot Pet Bed—their new favorite place to rest', 12.99, 45, 11, NULL, '2024-10-28 22:01:27', '2024-11-04 07:08:44'),
(15, 'Friskies', 'Friskies Savory Delights Cat Food features a delicious blend of real meat, wholesome grains, and garden-fresh vegetables.', 'Friskies Savory Delights Cat Food is specially crafted to satisfy your cat\'s cravings and nourish their well-being. Made with real meat as the primary ingredient, this delightful cat food is combined with wholesome grains and a variety of garden-fresh vegetables, creating a flavorful meal your feline friend will love.\r\n\r\nEach serving is packed with essential vitamins and minerals, providing complete and balanced nutrition for cats of all ages, from playful kittens to mature adults. The diverse flavors and textures ensure that every meal is a delightful experience, encouraging healthy eating habits and maintaining a happy appetite.\r\n\r\nFriskies understands that cats are more than pets—they\'re family. That’s why this cat food is formulated to support your cat’s overall health, promoting strong muscles, healthy digestion, and a shiny coat. Treat your beloved feline to Friskies Savory Delights, where taste meets nutrition for a truly purr-fect meal!', 3.25, 110, 2, NULL, '2024-10-28 22:02:21', '2024-11-04 07:37:46'),
(16, 'Feline Fun Toys', 'Feline Fun Toys provide engaging and interactive play for your cat. Crafted from safe materials, these toys stimulate natural instincts and promote healthy activity for a happier, more active feline companion', 'Feline Fun Toys are designed to captivate and entertain your furry friend, offering a variety of options to satisfy their playful nature. Made from safe, durable materials, these toys encourage exercise and exploration, ensuring your cat stays happy and healthy.\r\n\r\nFrom feather wands that inspire pouncing and chasing to plush toys perfect for cuddling, Feline Fun Toys cater to every cat\'s play style. Each toy is thoughtfully designed to stimulate natural instincts, promoting both mental and physical activity that is essential for your cat\'s well-being.\r\n\r\nWith Feline Fun Toys, you can create unforgettable playtime moments that strengthen the bond between you and your pet. Give your cat the gift of fun and adventure, and watch as they leap, bat, and explore, making every day a joyful experience!', 3.50, 25, 13, NULL, '2024-10-28 22:03:06', '2024-11-04 07:39:34'),
(17, 'CHOPPED GROUND DINNER', 'Chopped Ground Delight Cat Food is a savory blend of high-quality proteins and wholesome ingredients, providing a complete and balanced meal for your feline friend', 'Chopped Ground Delight Cat Food is designed to cater to your cat\'s natural cravings while delivering complete and balanced nutrition. Made with high-quality proteins, this delicious cat food features a finely chopped texture that is easy for cats to eat and digest. The savory blend of real meat and wholesome ingredients ensures that every meal is both satisfying and nourishing.\r\n\r\nRich in essential vitamins and minerals, Chopped Ground Delight supports your cat’s overall health, promoting strong muscles, a shiny coat, and optimal energy levels. Ideal for cats of all ages, this food is perfect for both kittens and adult cats, providing the essential nutrients they need for a healthy, active lifestyle.\r\n\r\nWith its mouthwatering taste and appealing texture, Chopped Ground Delight Cat Food is sure to please even the pickiest of eaters. Treat your furry companion to a meal they’ll love while ensuring they receive the nutrition they deserve with every serving!', 2.75, 150, 2, NULL, '2024-10-28 22:09:48', '2024-11-04 07:48:48'),
(18, 'WhiskerWize', 'The WhiskerWize Litter Box is designed for easy access and maintenance, featuring a spacious interior and a removable tray for quick cleaning. Its advanced odor control keeps your home fresh while providing your cat with a comfortable and private space', 'The WhiskerWize Litter Box combines convenience and comfort, making it an essential addition to any cat owner\'s home. With its spacious interior, this litter box allows for easy movement and digging, catering to your cat’s natural instincts. The removable tray simplifies the cleaning process, making it easy to maintain a hygienic environment for your feline friend.\r\n\r\nEquipped with advanced odor control technology, the WhiskerWize Litter Box effectively neutralizes smells, ensuring your living space remains fresh and inviting. Its sleek design fits seamlessly into any decor, while the low entry point provides easy access for cats of all ages, including kittens and seniors.\r\n\r\nWhether you have one cat or several, the WhiskerWize Litter Box is designed to meet their needs while making your life easier. Choose WhiskerWize for a litter box that prioritizes comfort, cleanliness, and style', 11.99, 55, 4, NULL, '2024-10-28 22:11:00', '2024-11-04 07:23:44'),
(20, 'COCONUT CAT LITTER', 'Coconut Cat Litter is an eco-friendly, biodegradable litter made from natural coconut fibers. With excellent odor control and superior clumping abilities, it provides a clean, comfortable environment', 'Coconut Cat Litter is a revolutionary, eco-friendly alternative to traditional cat litter, crafted from natural coconut fibers. This biodegradable litter offers exceptional clumping properties, making it easy to scoop and maintain a clean litter box. Its unique formula effectively absorbs moisture and neutralizes odors, keeping your home smelling fresh while providing a comfortable space for your feline friend.\r\n\r\nThe lightweight nature of Coconut Cat Litter makes it easy to handle and pour, while its soft texture is gentle on your cat’s paws, encouraging them to use it comfortably. Suitable for cats of all ages, this litter is not only good for your pet but also kind to the environment, as it is made from renewable resources.\r\n\r\nBy choosing Coconut Cat Litter, you’re opting for a sustainable and effective solution that prioritizes your cat’s health and well-being. Give your furry companion a cleaner, fresher litter experience with the natural benefits of coconut!', 3.75, 100, 4, NULL, '2024-11-03 14:06:51', '2024-11-04 07:52:51'),
(22, 'test', 'fvgbhnj', 'frgtbhyjui', 33.00, 33, 4, '2024-11-04 09:10:22', '2024-11-04 09:07:37', '2024-11-04 09:10:22');

--
-- Dumping data for table `product_feedback`
--

INSERT INTO `product_feedback` (`id`, `rating`, `feedback`, `user_id`, `product_id`, `deleted_at`, `created_at`, `updated_at`) VALUES
(1, 5, 'Great product with excellent odor control!', 1, 1, NULL, '2024-10-30 05:15:00', '2024-10-30 05:15:00'),
(2, 5, 'My cat loves it, and it keeps the smell at bay.', 2, 1, NULL, '2024-10-31 11:25:00', '2024-10-31 11:25:00'),
(3, 4, 'Low dust, but a bit pricey.', 3, 1, NULL, '2024-11-02 08:42:00', '2024-11-01 08:42:00'),
(4, 4, 'Good, but doesn’t clump as well as expected.', 4, 1, NULL, '2024-09-11 06:30:00', '2024-11-02 06:30:00'),
(5, 5, 'Excellent quality, will buy again!', 5, 1, NULL, '2024-10-09 09:15:00', '2024-11-02 09:15:00'),
(6, 5, 'Effective and no mess.', 6, 1, NULL, '2024-09-18 14:45:00', '2024-11-03 14:45:00'),
(7, 4, 'Does the job, but a bit dusty.', 7, 1, NULL, '2024-09-03 10:30:00', '2024-11-04 10:30:00'),
(8, 5, 'Best litter I’ve used for my cats.', 8, 1, NULL, '2024-11-06 15:20:00', '2024-11-04 15:20:00'),
(9, 4, 'Good odor control, but doesn’t last long.', 9, 1, NULL, '2024-11-01 04:05:00', '2024-11-05 04:05:00'),
(10, 5, 'Keeps everything fresh!', 10, 1, NULL, '2024-10-24 08:10:00', '2024-11-05 08:10:00'),
(11, 4, 'Good product, but not perfect.', 11, 1, NULL, '2024-10-16 07:45:00', '2024-11-06 07:45:00'),
(12, 5, 'My cat is happy with it.', 12, 1, NULL, '2024-10-08 12:25:00', '2024-11-06 12:25:00'),
(13, 4, 'It’s nice but could be cheaper.', 13, 1, NULL, '2024-11-03 06:00:00', '2024-11-07 06:00:00'),
(14, 5, 'Great clumping and easy to clean.', 14, 1, NULL, '2024-10-15 09:30:00', '2024-11-07 09:30:00'),
(15, 4, 'Average quality, expected more.', 15, 1, NULL, '2024-10-23 11:20:00', '2024-11-08 11:20:00'),
(16, 5, 'Love it, very effective!', 16, 1, NULL, '2024-11-01 14:10:00', '2024-11-08 14:10:00'),
(17, 4, 'Decent, would recommend.', 17, 1, NULL, '2024-10-28 10:40:00', '2024-11-09 10:40:00'),
(18, 5, 'Perfect for my needs!', 18, 1, NULL, '2024-10-30 13:50:00', '2024-11-09 13:50:00'),
(19, 4, 'Affordable and reliable.', 19, 1, NULL, '2024-10-29 08:30:00', '2024-11-10 08:30:00'),
(20, 5, 'Great product overall!', 20, 1, NULL, '2024-10-31 16:00:00', '2024-11-10 16:00:00'),
(26, 5, 'Effective and no mess.', 6, 5, NULL, '2024-10-24 14:45:00', '2024-11-03 14:45:00'),
(27, 4, 'Does the job, but a bit dusty.', 7, 5, NULL, '2024-11-04 10:30:00', '2024-11-04 10:30:00'),
(28, 5, 'Best litter I’ve used for my cats.', 8, 5, NULL, '2024-11-01 15:20:00', '2024-11-04 15:20:00'),
(29, 4, 'Good odor control, but doesn’t last long.', 9, 5, NULL, '2024-10-22 04:05:00', '2024-11-05 04:05:00'),
(30, 5, 'Keeps everything fresh!', 10, 5, NULL, '2024-11-03 08:10:00', '2024-11-05 08:10:00'),
(31, 4, 'Good product, but not perfect.', 11, 5, NULL, '2024-10-23 07:45:00', '2024-11-06 07:45:00'),
(32, 5, 'My cat is happy with it.', 12, 5, NULL, '2024-11-01 12:25:00', '2024-11-06 12:25:00'),
(33, 4, 'It’s nice but could be cheaper.', 13, 5, NULL, '2024-10-29 06:00:00', '2024-11-07 06:00:00'),
(34, 5, 'Great clumping and easy to clean.', 14, 5, NULL, '2024-11-04 09:30:00', '2024-11-07 09:30:00'),
(35, 4, 'Average quality, expected more.', 15, 5, NULL, '2024-10-28 11:20:00', '2024-11-08 11:20:00'),
(36, 5, 'Love it, very effective!', 16, 5, NULL, '2024-10-27 14:10:00', '2024-11-08 14:10:00'),
(37, 4, 'Decent, would recommend.', 17, 5, NULL, '2024-11-09 10:40:00', '2024-11-09 10:40:00'),
(41, 5, 'Great product with excellent odor control!', 1, 5, NULL, '2024-10-30 05:15:00', '2024-10-30 05:15:00'),
(42, 5, 'My cat loves it, and it keeps the smell at bay.', 2, 5, NULL, '2024-09-24 11:25:00', '2024-10-31 11:25:00'),
(43, 4, 'Low dust, but a bit pricey.', 3, 5, NULL, '2024-10-09 08:42:00', '2024-11-01 08:42:00'),
(44, 4, 'Good, but doesn’t clump as well as expected.', 4, 5, NULL, '2024-10-11 06:30:00', '2024-11-02 06:30:00'),
(45, 5, 'Excellent quality, will buy again!', 5, 5, NULL, '2024-10-22 09:15:00', '2024-11-02 09:15:00'),
(46, 5, 'My cat loves this food! She finishes every bowl.', 18, 7, NULL, '2024-11-01 05:10:00', '2024-11-01 05:10:00'),
(47, 5, 'Great ingredients and very nutritious!', 19, 7, NULL, '2024-11-03 06:30:00', '2024-11-01 06:30:00'),
(48, 4, 'Good quality but a bit expensive.', 20, 7, NULL, '2024-10-15 11:20:00', '2024-11-02 11:20:00'),
(49, 5, 'My picky cat eats this without hesitation.', 21, 7, NULL, '2024-10-30 13:00:00', '2024-11-02 13:00:00'),
(50, 4, 'Noticed improvement in my cat’s coat.', 20, 7, NULL, '2024-11-01 05:45:00', '2024-11-03 05:45:00'),
(51, 5, 'High-quality food, my cats really enjoy it.', 3, 7, NULL, '2024-11-03 08:25:00', '2024-11-03 08:25:00'),
(52, 5, 'The best cat food we’ve tried so far.', 4, 7, NULL, '2024-10-29 04:50:00', '2024-11-04 04:50:00'),
(53, 5, 'Worth the price, and my cat’s health improved.', 5, 7, NULL, '2024-10-02 10:10:00', '2024-11-04 10:10:00'),
(54, 4, 'Good but would love to see more flavor options.', 6, 7, NULL, '2024-10-15 06:30:00', '2024-11-05 06:30:00'),
(55, 4, 'My cat eats it, but not her favorite.', 7, 7, NULL, '2024-11-05 12:40:00', '2024-11-05 12:40:00'),
(56, 5, 'No digestive issues, which is great!', 8, 7, NULL, '2024-11-06 07:05:00', '2024-11-06 07:05:00'),
(57, 5, 'Good value for the quality.', 9, 7, NULL, '2024-11-06 11:55:00', '2024-11-06 11:55:00'),
(58, 4, 'My kitten loves it! Will buy again.', 10, 7, NULL, '2024-11-07 05:35:00', '2024-11-07 05:35:00'),
(59, 4, 'Decent, but I prefer grain-free options.', 11, 7, NULL, '2024-11-07 09:20:00', '2024-11-07 09:20:00'),
(60, 5, 'Keeps my cat full and happy all day.', 12, 7, NULL, '2024-11-08 06:10:00', '2024-11-08 06:10:00'),
(61, 5, 'Sturdy collar, and the color is vibrant.', 3, 11, NULL, '2024-11-01 07:30:00', '2024-11-01 07:30:00'),
(62, 5, 'Fits perfectly and looks stylish on my dog.', 4, 11, NULL, '2024-11-01 12:20:00', '2024-11-01 12:20:00'),
(63, 5, 'Comfortable material, my cat doesn’t mind wearing it.', 5, 11, NULL, '2024-11-02 09:10:00', '2024-11-02 09:10:00'),
(64, 4, 'Good quality, but the clasp could be more secure.', 6, 11, NULL, '2024-11-03 06:45:00', '2024-11-03 06:45:00'),
(65, 5, 'Adjustable and durable, very happy with it.', 7, 11, NULL, '2024-11-03 11:35:00', '2024-11-03 11:35:00'),
(66, 4, 'Nice collar, but a bit tight even on the largest setting.', 8, 11, NULL, '2024-11-04 05:55:00', '2024-11-04 05:55:00'),
(67, 5, 'High quality and easy to put on and take off.', 9, 11, NULL, '2024-11-04 13:40:00', '2024-11-04 13:40:00'),
(68, 4, 'Good collar, but I wish it had a reflective strip.', 10, 11, NULL, '2024-11-05 07:15:00', '2024-11-05 07:15:00'),
(69, 5, 'Perfect fit and looks great on my dog!', 11, 11, NULL, '2024-11-06 08:05:00', '2024-11-06 08:05:00'),
(70, 4, 'Decent collar, though it’s a bit pricey.', 12, 11, NULL, '2024-11-07 10:25:00', '2024-11-07 10:25:00'),
(71, 5, 'Spacious and easy to clean. My cat loves it!', 1, 12, NULL, '2024-11-01 05:00:00', '2024-11-01 05:00:00'),
(72, 4, 'Good design, but a bit bulky for my small space.', 2, 12, NULL, '2024-11-01 09:30:00', '2024-11-01 09:30:00'),
(73, 5, 'Excellent product! Keeps the litter contained well.', 3, 12, NULL, '2024-11-02 06:15:00', '2024-11-02 06:15:00'),
(74, 4, 'Does a great job at odor control.', 4, 12, NULL, '2024-11-02 11:25:00', '2024-11-02 11:25:00'),
(75, 4, 'Good quality, but wish it had a handle.', 5, 12, NULL, '2024-11-03 08:05:00', '2024-11-03 08:05:00'),
(76, 5, 'Very sturdy and easy to clean.', 6, 12, NULL, '2024-11-03 13:40:00', '2024-11-03 13:40:00'),
(77, 4, 'Works well, but a bit difficult to scoop.', 7, 12, NULL, '2024-11-04 07:20:00', '2024-11-04 07:20:00'),
(78, 5, 'Keeps litter inside and looks nice in my home.', 8, 12, NULL, '2024-11-04 11:00:00', '2024-11-04 11:00:00'),
(79, 4, 'Nice, but my cat sometimes knocks it over.', 9, 12, NULL, '2024-11-05 06:50:00', '2024-11-05 06:50:00'),
(80, 5, 'Perfect for my large cat, no mess at all!', 10, 12, NULL, '2024-11-05 10:45:00', '2024-11-05 10:45:00'),
(81, 5, 'Great product with good ventilation.', 11, 12, NULL, '2024-11-06 09:10:00', '2024-11-06 09:10:00'),
(82, 4, 'Solid litter box, but a bit pricey.', 12, 12, NULL, '2024-11-06 12:35:00', '2024-11-06 12:35:00'),
(83, 5, 'Large enough for my cat and easy to clean.', 13, 12, NULL, '2024-11-07 05:50:00', '2024-11-07 05:50:00'),
(84, 5, 'Excellent quality, would recommend.', 14, 12, NULL, '2024-11-07 08:30:00', '2024-11-07 08:30:00'),
(85, 4, 'Good product, but could use a better lid.', 15, 12, NULL, '2024-11-08 06:25:00', '2024-11-08 06:25:00'),
(86, 5, 'Well-designed and minimizes odor effectively.', 16, 12, NULL, '2024-11-08 10:10:00', '2024-11-08 10:10:00'),
(87, 5, 'Best litter box I’ve purchased so far!', 17, 12, NULL, '2024-11-09 07:05:00', '2024-11-09 07:05:00'),
(88, 5, 'This cat litter absorbs well and controls odors!', 1, 12, NULL, '2024-11-01 06:00:00', '2024-11-01 06:00:00'),
(89, 4, 'Low dust and my cat seems to like it.', 2, 12, NULL, '2024-11-01 10:30:00', '2024-11-01 10:30:00'),
(90, 5, 'Best litter I’ve used so far, highly recommend!', 3, 12, NULL, '2024-11-02 07:15:00', '2024-11-02 07:15:00'),
(91, 4, 'Good clumping action, but a bit heavy.', 4, 12, NULL, '2024-11-02 12:40:00', '2024-11-02 12:40:00'),
(92, 4, 'Decent quality, but doesn’t last as long as expected.', 5, 12, NULL, '2024-11-03 08:10:00', '2024-11-03 08:10:00'),
(93, 5, 'Very effective in controlling odors, will buy again.', 6, 12, NULL, '2024-11-03 13:20:00', '2024-11-03 13:20:00'),
(94, 4, 'Good litter, but my cat sometimes tracks it outside.', 7, 12, NULL, '2024-11-04 06:50:00', '2024-11-04 06:50:00'),
(95, 5, 'I love this litter! It clumps nicely and is low dust.', 8, 12, NULL, '2024-11-04 11:30:00', '2024-11-04 11:30:00'),
(96, 4, 'Very absorbent and helps keep the litter box fresh.', 9, 12, NULL, '2024-11-05 07:05:00', '2024-11-05 07:05:00'),
(97, 5, 'Fantastic litter, my cat loves it and so do I!', 10, 12, NULL, '2024-11-05 10:45:00', '2024-11-05 10:45:00'),
(98, 4, 'Good litter, but I wish it was cheaper.', 11, 12, NULL, '2024-11-06 08:20:00', '2024-11-06 08:20:00'),
(99, 5, 'Highly effective and easy to scoop!', 12, 12, NULL, '2024-11-06 12:55:00', '2024-11-06 12:55:00'),
(100, 4, 'Solid product, but it can be a bit dusty.', 13, 12, NULL, '2024-11-07 05:30:00', '2024-11-07 05:30:00'),
(101, 5, 'My cat loves this bed! She sleeps in it all day.', 1, 14, NULL, '2024-11-01 07:00:00', '2024-11-01 07:00:00'),
(102, 5, 'Very soft and cozy, perfect for my kitty.', 2, 14, NULL, '2024-11-01 11:30:00', '2024-11-01 11:30:00'),
(103, 5, 'Great quality, but I wish it was a bit larger.', 3, 14, NULL, '2024-11-02 06:15:00', '2024-11-02 06:15:00'),
(104, 4, 'Nice design, but my cat doesn’t use it as much as I expected.', 4, 14, NULL, '2024-11-02 13:45:00', '2024-11-02 13:45:00'),
(105, 5, 'Absolutely love this bed! Easy to clean as well.', 5, 14, NULL, '2024-10-15 08:00:00', '2024-11-03 08:00:00'),
(106, 4, 'Very comfy, my cat loves to curl up in it!', 6, 14, NULL, '2024-10-22 12:20:00', '2024-11-03 12:20:00'),
(107, 5, 'Perfect for winter! Keeps my cat warm.', 7, 14, NULL, '2024-10-16 07:10:00', '2024-11-04 07:10:00'),
(108, 4, 'Good bed, but my cat prefers the couch.', 8, 14, NULL, '2024-11-01 10:50:00', '2024-11-04 10:50:00'),
(109, 5, 'Sturdy and well-made. Worth the price.', 9, 14, NULL, '2024-10-22 06:30:00', '2024-11-05 06:30:00'),
(110, 4, 'Nice bed, but could use more padding.', 10, 14, NULL, '2024-10-24 09:40:00', '2024-11-05 09:40:00'),
(111, 5, 'Best cat bed ever! My fur baby loves it.', 11, 14, NULL, '2024-10-24 05:15:00', '2024-11-06 05:15:00'),
(112, 4, 'Very plush and comfortable, but a bit pricey.', 12, 14, NULL, '2024-10-26 11:55:00', '2024-11-06 11:55:00'),
(113, 4, 'Great bed, but the color fades a little after washing.', 13, 14, NULL, '2024-10-13 08:25:00', '2024-11-07 08:25:00'),
(114, 5, 'My cat loves the chicken flavor! Always finishes her bowl.', 1, 15, NULL, '2024-10-22 06:00:00', '2024-11-01 06:00:00'),
(115, 5, 'The fish flavor is a hit! My cat can’t get enough.', 2, 15, NULL, '2024-10-22 07:15:00', '2024-11-01 07:15:00'),
(116, 5, 'Great variety of flavors, and my cats love them all.', 3, 15, NULL, '2024-11-02 08:30:00', '2024-11-01 08:30:00'),
(117, 4, 'The beef flavor is good, but a bit greasy for my liking.', 4, 15, NULL, '2024-10-08 09:45:00', '2024-11-02 09:45:00'),
(118, 5, 'Tried the turkey flavor for the first time, and it was a hit!', 5, 15, NULL, '2024-10-13 11:00:00', '2024-11-02 11:00:00'),
(119, 4, 'The salmon flavor is my cat’s favorite!', 6, 15, NULL, '2024-10-16 12:30:00', '2024-11-02 12:30:00'),
(120, 5, 'Good quality food with a variety of flavors. Very satisfied!', 7, 15, NULL, '2024-11-03 07:00:00', '2024-11-03 07:00:00'),
(121, 4, 'My cat likes the flavors, but the kibble is a bit hard.', 8, 15, NULL, '2024-10-20 08:15:00', '2024-11-03 08:15:00'),
(122, 4, 'Solid product, but it can be a bit dusty.', 13, 13, NULL, '2024-10-28 05:30:00', '2024-11-07 05:30:00'),
(123, 4, 'The mixed grill flavor is a favorite, especially with my picky eater.', 10, 15, NULL, '2024-10-22 09:00:00', '2024-11-04 09:00:00'),
(124, 5, 'Best cat food I’ve tried! My cat begs for more!', 11, 15, NULL, '2024-10-25 07:30:00', '2024-11-05 07:30:00'),
(125, 4, 'The seafood flavor was a bit too fishy for my cat.', 12, 15, NULL, '2024-10-13 10:15:00', '2024-11-05 10:15:00'),
(126, 4, 'Good quality food, but my cat prefers the chicken flavor.', 13, 15, NULL, '2024-10-30 12:00:00', '2024-11-05 12:00:00'),
(127, 5, 'The turkey flavor is a winner! Highly recommend.', 14, 15, NULL, '2024-11-04 06:50:00', '2024-11-06 06:50:00'),
(128, 5, 'Solid product! My cat is thriving on this food.', 15, 15, NULL, '2024-10-21 08:10:00', '2024-11-06 08:10:00'),
(129, 5, 'The combination of flavors keeps my cat interested.', 16, 15, NULL, '2024-11-06 09:45:00', '2024-11-06 09:45:00'),
(130, 4, 'My cat loves the new flavors! Great selection.', 17, 15, NULL, '2024-11-07 07:05:00', '2024-11-07 07:05:00'),
(131, 5, 'My picky eater enjoys every flavor. Very happy!', 18, 15, NULL, '2024-11-07 10:30:00', '2024-11-07 10:30:00'),
(132, 4, 'Some flavors are hit or miss, but overall a good product.', 19, 15, NULL, '2024-10-09 12:20:00', '2024-11-07 12:20:00'),
(133, 5, 'Excellent food! My cat is full of energy now.', 20, 15, NULL, '2024-10-11 07:00:00', '2024-11-08 07:00:00'),
(134, 4, 'Not all flavors are liked, but the chicken and fish are great!', 21, 15, NULL, '2024-10-31 08:30:00', '2024-11-08 08:30:00'),
(135, 5, 'Best cat food I\'ve purchased! Highly recommend the chicken flavor.', 22, 15, NULL, '2024-10-28 10:45:00', '2024-11-08 10:45:00'),
(136, 4, 'My cats enjoy the variety, but I wish it came in larger bags.', 23, 15, NULL, '2024-10-06 07:15:00', '2024-11-09 07:15:00'),
(137, 5, 'Great food, but the price is a bit high.', 24, 15, NULL, '2024-10-23 09:00:00', '2024-11-09 09:00:00'),
(138, 4, 'Overall a good choice, my cat enjoys the flavors.', 25, 15, NULL, '2024-10-19 11:30:00', '2024-11-09 11:30:00'),
(139, 5, 'My cat can’t get enough of this toy! It’s her favorite!', 1, 16, NULL, '2024-10-27 06:00:00', '2024-11-01 06:00:00'),
(140, 5, 'Very durable and entertaining. Keeps my cat engaged for hours.', 2, 16, NULL, '2024-10-09 07:15:00', '2024-11-01 07:15:00'),
(141, 5, 'My kitten loves it! A great addition to her toy collection.', 3, 16, NULL, '2024-10-17 08:30:00', '2024-11-01 08:30:00'),
(142, 4, 'It’s a bit noisy, but my cat enjoys playing with it.', 4, 16, NULL, '2024-10-04 09:45:00', '2024-11-02 09:45:00'),
(143, 5, 'Best cat toy ever! Keeps her active and happy.', 5, 16, NULL, '2024-10-23 11:00:00', '2024-11-02 11:00:00'),
(144, 5, 'Good quality! My cat loves to chase it around the house.', 6, 16, NULL, '2024-10-27 12:30:00', '2024-11-02 12:30:00'),
(145, 4, 'Great for interactive play! My kids enjoy it too.', 7, 16, NULL, '2024-10-23 07:00:00', '2024-11-03 07:00:00'),
(146, 4, 'It’s nice, but my cat prefers other toys sometimes.', 8, 16, NULL, '2024-10-17 08:15:00', '2024-11-03 08:15:00'),
(147, 5, 'Solid product! My cat is more playful since I got this.', 9, 16, NULL, '2024-11-04 06:45:00', '2024-11-04 06:45:00'),
(148, 4, 'My cat loves this toy, but it could be a little larger.', 10, 16, NULL, '2024-11-02 09:00:00', '2024-11-04 09:00:00'),
(149, 5, 'Fantastic toy! My cat has never been so active.', 11, 16, NULL, '2024-11-05 07:30:00', '2024-11-05 07:30:00'),
(150, 5, 'My cat loves all the flavors! He’s finally eating well.', 1, 17, NULL, '2024-11-01 06:00:00', '2024-11-01 06:00:00'),
(151, 5, 'The chicken flavor is a hit! My cat begs for it.', 2, 17, NULL, '2024-10-22 07:15:00', '2024-11-01 07:15:00'),
(152, 5, 'Great variety! My cats never get bored of the flavors.', 3, 17, NULL, '2024-10-25 08:30:00', '2024-11-01 08:30:00'),
(153, 4, 'I noticed my cat has more energy after switching to this food.', 4, 17, NULL, '2024-11-02 09:45:00', '2024-11-02 09:45:00'),
(154, 5, 'The fish flavor is his absolute favorite! Highly recommend.', 5, 17, NULL, '2024-10-24 11:00:00', '2024-11-02 11:00:00'),
(155, 5, 'Good quality food with real ingredients. Very satisfied!', 6, 17, NULL, '2024-10-20 12:30:00', '2024-11-02 12:30:00'),
(156, 4, 'My cat is a picky eater, but he loves this food!', 7, 17, NULL, '2024-10-31 07:00:00', '2024-11-03 07:00:00'),
(157, 4, 'Some flavors are hit or miss, but overall good quality.', 8, 17, NULL, '2024-10-10 08:15:00', '2024-11-03 08:15:00'),
(158, 5, 'Very satisfied! My cat gobbles it up every time.', 9, 17, NULL, '2024-11-04 06:45:00', '2024-11-04 06:45:00'),
(159, 4, 'I love that it’s grain-free! My cat’s digestion has improved.', 10, 17, NULL, '2024-11-01 09:00:00', '2024-11-04 09:00:00'),
(160, 5, 'Best cat food I’ve ever bought! My cat can’t get enough.', 11, 17, NULL, '2024-11-04 07:30:00', '2024-11-05 07:30:00'),
(161, 4, 'Good flavors but wish it came in larger bags.', 12, 17, NULL, '2024-11-05 10:15:00', '2024-11-05 10:15:00'),
(162, 5, 'Love the chicken and vegetable mix! Keeps my cat healthy.', 9, 15, NULL, '2024-10-21 06:45:00', '2024-11-04 06:45:00'),
(163, 4, 'She loves the beef flavor! Will definitely buy again.', 14, 17, NULL, '2024-11-03 06:50:00', '2024-11-06 06:50:00'),
(164, 5, 'Solid product! My cat is thriving on this food.', 15, 17, NULL, '2024-11-06 08:10:00', '2024-11-06 08:10:00'),
(165, 5, 'The variety pack is a winner! My cat enjoys every flavor.', 16, 17, NULL, '2024-11-01 09:45:00', '2024-11-06 09:45:00'),
(166, 4, 'My cats are more active since I switched to this food.', 17, 17, NULL, '2024-10-21 07:05:00', '2024-11-07 07:05:00'),
(167, 4, 'Some flavors are a bit too fishy for my taste, but she likes them.', 18, 17, NULL, '2024-10-24 10:30:00', '2024-11-07 10:30:00'),
(168, 5, 'Excellent food! My cat has been healthier since eating this.', 19, 17, NULL, '2024-10-19 12:20:00', '2024-11-07 12:20:00'),
(169, 4, 'Not all flavors are liked, but the chicken is great!', 20, 17, NULL, '2024-10-20 07:00:00', '2024-11-08 07:00:00'),
(170, 5, 'Best cat food I\'ve purchased! Highly recommend the turkey flavor.', 21, 17, NULL, '2024-10-16 08:30:00', '2024-11-08 08:30:00'),
(171, 4, 'My cat is picky but loves the salmon flavor.', 22, 17, NULL, '2024-10-17 10:45:00', '2024-11-08 10:45:00'),
(172, 5, 'Great product! My cats are happy and healthy.', 23, 17, NULL, '2024-11-05 07:15:00', '2024-11-09 07:15:00'),
(173, 5, 'Excellent quality! Will buy again for sure.', 24, 17, NULL, '2024-11-02 09:00:00', '2024-11-09 09:00:00'),
(174, 4, 'Overall good product, but could improve on flavor variety.', 25, 17, NULL, '2024-10-20 11:30:00', '2024-11-09 11:30:00'),
(175, 5, 'Every flavor has been a hit! My cat loves it all.', 1, 17, NULL, '2024-10-16 06:00:00', '2024-11-10 06:00:00'),
(176, 5, 'Great for my cat with allergies! No issues.', 2, 17, NULL, '2024-10-18 07:15:00', '2024-11-10 07:15:00'),
(177, 4, 'She devours the turkey flavor. Highly recommend!', 3, 17, NULL, '2024-11-06 08:30:00', '2024-11-10 08:30:00'),
(178, 4, 'The fish flavor is a little too strong for my liking.', 4, 17, NULL, '2024-10-13 09:45:00', '2024-11-11 09:45:00'),
(179, 5, 'My cat is thriving! Great food overall.', 5, 17, NULL, '2024-10-09 11:00:00', '2024-11-11 11:00:00'),
(180, 5, 'Good food, but my cat prefers the wet food sometimes.', 6, 17, NULL, '2024-11-11 12:30:00', '2024-11-11 12:30:00'),
(181, 4, 'Very pleased! Will keep buying this for my cat.', 7, 17, NULL, '2024-11-12 07:00:00', '2024-11-12 07:00:00'),
(182, 5, 'My cat can’t get enough of the chicken and fish flavors!', 8, 17, NULL, '2024-10-15 08:15:00', '2024-11-12 08:15:00'),
(183, 4, 'Decent food, but my cat has a preference for fish.', 9, 17, NULL, '2024-10-11 06:45:00', '2024-11-12 06:45:00'),
(184, 4, 'Good ingredients! My cat loves the variety.', 10, 17, NULL, '2024-10-21 09:00:00', '2024-11-12 06:45:00'),
(185, 5, 'My cat loves the new flavors! Great selection.', 13, 17, NULL, '2024-11-05 12:00:00', '2024-11-05 12:00:00'),
(186, 5, 'My cat took to it right away. Highly recommend!', 2, 18, NULL, '2024-11-01 07:15:00', '2024-11-01 07:15:00'),
(187, 5, 'Great design! No mess and very sturdy.', 3, 18, NULL, '2024-10-14 08:30:00', '2024-11-01 08:30:00'),
(188, 5, 'This cat litter absorbs well and controls odors!', 1, 13, NULL, '2024-10-16 06:00:00', '2024-11-01 06:00:00'),
(189, 4, 'Low dust and my cat seems to like it.', 2, 13, NULL, '2024-11-04 10:30:00', '2024-11-01 10:30:00'),
(190, 5, 'Best litter I’ve used so far, highly recommend!', 3, 13, NULL, '2024-11-02 07:15:00', '2024-11-02 07:15:00'),
(191, 4, 'Good clumping action, but a bit heavy.', 4, 13, NULL, '2024-11-01 12:40:00', '2024-11-02 12:40:00'),
(192, 4, 'Decent quality, but doesn’t last as long as expected.', 5, 13, NULL, '2024-11-03 08:10:00', '2024-11-03 08:10:00'),
(193, 5, 'Very effective in controlling odors, will buy again.', 6, 13, NULL, '2024-10-15 13:20:00', '2024-11-03 13:20:00'),
(194, 4, 'Good litter, but my cat sometimes tracks it outside.', 7, 13, NULL, '2024-11-04 06:50:00', '2024-11-04 06:50:00'),
(195, 5, 'I love this litter! It clumps nicely and is low dust.', 8, 13, NULL, '2024-10-22 11:30:00', '2024-11-04 11:30:00'),
(196, 4, 'Very absorbent and helps keep the litter box fresh.', 9, 13, NULL, '2024-10-18 07:05:00', '2024-11-05 07:05:00'),
(197, 5, 'Fantastic litter, my cat loves it and so do I!', 10, 13, NULL, '2024-10-29 10:45:00', '2024-11-05 10:45:00'),
(198, 4, 'Good litter, but I wish it was cheaper.', 11, 13, NULL, '2024-10-27 08:20:00', '2024-11-06 08:20:00'),
(199, 5, 'Highly effective and easy to scoop!', 12, 13, NULL, '2024-10-16 12:55:00', '2024-11-06 12:55:00'),
(200, 5, 'This litter box is amazing! So easy to clean.', 1, 18, NULL, '2024-11-01 06:00:00', '2024-11-01 06:00:00'),
(201, 4, 'It’s spacious, but I wish it had a lid.', 4, 18, NULL, '2024-11-02 09:45:00', '2024-11-02 09:45:00'),
(202, 5, 'Best litter box I’ve ever purchased! My cat loves it.', 5, 18, NULL, '2024-11-03 11:00:00', '2024-11-02 11:00:00'),
(203, 4, 'Cleaning is a breeze! A must-have for cat owners.', 6, 18, NULL, '2024-11-11 12:30:00', '2024-11-02 12:30:00'),
(204, 4, 'Good size, but the plastic could be thicker.', 7, 18, NULL, '2024-11-06 07:00:00', '2024-11-03 07:00:00'),
(205, 5, 'My cat is very happy with it! No more litter tracking.', 8, 18, NULL, '2024-11-02 08:15:00', '2024-11-03 08:15:00'),
(206, 4, 'A bit pricey, but worth every penny for the convenience.', 9, 18, NULL, '2024-11-04 06:45:00', '2024-11-04 06:45:00'),
(207, 5, 'Love the size! Fits perfectly in my small apartment.', 10, 18, NULL, '2024-10-22 09:00:00', '2024-11-04 09:00:00'),
(208, 4, 'Works well, but my cat still makes a bit of a mess.', 11, 18, NULL, '2024-11-05 07:30:00', '2024-11-05 07:30:00'),
(209, 5, 'Durable and easy to clean. Very satisfied with my purchase.', 12, 18, NULL, '2024-10-16 10:15:00', '2024-11-05 10:15:00'),
(210, 4, 'Not the best at containing odors, but it’s functional.', 13, 18, NULL, '2024-10-10 12:00:00', '2024-11-05 12:00:00'),
(221, 5, 'Fantastic litter box! No more litter tracking everywhere.', 1, 20, NULL, '2024-11-01 06:00:00', '2024-11-01 06:00:00'),
(222, 5, 'My cats adapted quickly. Very spacious and easy to clean.', 2, 20, NULL, '2024-10-23 07:15:00', '2024-11-01 07:15:00'),
(223, 5, 'Love the design! It fits perfectly in my living space.', 3, 20, NULL, '2024-11-05 08:30:00', '2024-11-01 08:30:00'),
(224, 4, 'Does the job, but I wish it had higher sides.', 4, 20, NULL, '2024-10-22 09:45:00', '2024-11-02 09:45:00'),
(225, 5, 'Best purchase! My cats love it and so do I!', 5, 20, NULL, '2024-10-17 11:00:00', '2024-11-02 11:00:00'),
(226, 4, 'Cleaning is a breeze! Highly recommend for cat owners.', 6, 20, NULL, '2024-11-02 12:30:00', '2024-11-02 12:30:00'),
(227, 4, 'Good, but the plastic feels a bit flimsy.', 7, 20, NULL, '2024-11-03 07:00:00', '2024-11-03 07:00:00'),
(228, 5, 'Less odor than my previous box! Very satisfied.', 8, 20, NULL, '2024-10-15 08:15:00', '2024-11-03 08:15:00'),
(229, 4, 'Works well for my two cats! Great size.', 9, 20, NULL, '2024-11-06 06:45:00', '2024-11-04 06:45:00'),
(230, 5, 'Great quality and easy to use. My cats approve!', 10, 20, NULL, '2024-11-04 09:00:00', '2024-11-04 09:00:00'),
(231, 4, 'Overall good product, but the litter gets stuck in the corners.', 11, 20, NULL, '2024-11-05 07:30:00', '2024-11-05 07:30:00'),
(232, 5, 'Very durable! It withstands my energetic cats.', 12, 20, NULL, '2024-10-09 10:15:00', '2024-11-05 10:15:00'),
(233, 4, 'It’s functional, but I expected better odor control.', 13, 20, NULL, '2024-11-05 12:00:00', '2024-11-05 12:00:00'),
(234, 5, 'My cats love the space! No issues so far.', 14, 20, NULL, '2024-10-23 06:50:00', '2024-11-06 06:50:00'),
(235, 4, 'Best litter box ever! Great for multiple cats.', 15, 20, NULL, '2024-10-21 08:10:00', '2024-11-06 08:10:00'),
(236, 5, 'Perfect for my small apartment. Very happy with it!', 16, 20, NULL, '2024-10-04 09:45:00', '2024-11-06 09:45:00'),
(237, 4, 'Cleans easily, but I would prefer a darker color.', 17, 20, NULL, '2024-11-07 07:05:00', '2024-11-07 07:05:00'),
(238, 5, 'Great value for the price! Highly recommend.', 18, 20, NULL, '2024-11-01 10:30:00', '2024-11-07 10:30:00'),
(239, 4, 'Decent litter box, but I expected more for the price.', 19, 20, NULL, '2024-10-29 12:20:00', '2024-11-07 12:20:00'),
(240, 5, 'My cat enjoys it! Great for keeping things tidy.', 20, 20, NULL, '2024-10-20 07:00:00', '2024-11-08 07:00:00'),
(241, 4, 'Solid product. Good size and easy to clean.', 21, 20, NULL, '2024-11-01 08:30:00', '2024-11-08 08:30:00'),
(242, 5, 'Fantastic litter box! No more mess!', 22, 20, NULL, '2024-11-08 10:45:00', '2024-11-08 10:45:00'),
(243, 4, 'Great choice for my cat! Very convenient.', 23, 20, NULL, '2024-11-09 07:15:00', '2024-11-09 07:15:00'),
(244, 5, 'I love this litter box! My cat prefers it to the old one.', 24, 20, NULL, '2024-11-06 09:00:00', '2024-11-09 09:00:00'),
(245, 4, 'Good quality, but could use a lid for better odor control.', 25, 20, NULL, '2024-10-09 11:30:00', '2024-11-09 11:30:00'),
(1211, 4, 'Great for multiple cats! Less litter tracking than before.', 14, 18, NULL, '2024-10-29 06:50:00', '2024-11-06 06:50:00');

--
-- Dumping data for table `product_images`
--

INSERT INTO `product_images` (`id`, `image`, `product_id`, `created_at`, `updated_at`) VALUES
(6, 'uploads/productImages/672895a79b5ed_jpeg', 1, NULL, NULL),
(8, 'uploads/productImages/672895cf3d4e4_jpg', 7, NULL, NULL),
(9, 'uploads/productImages/672895cf3d7c0_jpg', 7, NULL, NULL),
(10, 'uploads/productImages/672895e76beb4_jpg', 11, NULL, NULL),
(11, 'uploads/productImages/672895f87d3d4_jpg', 12, NULL, NULL),
(14, 'uploads/productImages/6728966451485_jpg', 5, NULL, NULL),
(15, 'uploads/productImages/6728967280b2c_webp', 14, NULL, NULL),
(17, 'uploads/productImages/672896966e45d_jpg', 16, NULL, NULL),
(18, 'uploads/productImages/672896b60e6c8_jpeg', 17, NULL, NULL),
(19, 'uploads/productImages/672896d0000c8_jpg', 18, NULL, NULL),
(21, 'uploads/productImages/6728987f9077c_jpg', 16, NULL, NULL),
(22, 'uploads/productImages/672899b71a0d2_webp', 1, NULL, NULL),
(23, 'uploads/productImages/67289b5711d67_jpg', 5, NULL, NULL),
(27, 'uploads/productImages/67289c1ac191f_webp', 14, NULL, NULL),
(28, 'uploads/productImages/67289c491d639_jpg', 14, NULL, NULL),
(30, 'uploads/productImages/67289e1f13dca_webp', 7, NULL, NULL),
(31, 'uploads/productImages/67289e1f14013_jpg', 7, NULL, NULL),
(32, 'uploads/productImages/67289e1f14447_jpg', 7, NULL, NULL),
(33, 'uploads/productImages/67289f0c47ad9_jpg', 11, NULL, NULL),
(36, 'uploads/productImages/6728a0738e1f6_jpg', 12, NULL, NULL),
(37, 'uploads/productImages/6728a13768c93_webp', 18, NULL, NULL),
(38, 'uploads/productImages/6728a1376926c_jpg', 18, NULL, NULL),
(43, 'uploads/productImages/6728a1f781132_jpeg', 13, NULL, NULL),
(46, 'uploads/productImages/6728a22e3483d_jpg', 13, NULL, NULL),
(51, 'uploads/productImages/6728a367ef635_webp', 15, NULL, NULL),
(52, 'uploads/productImages/6728a367efb6e_jpeg', 15, NULL, NULL),
(54, 'uploads/productImages/6728a395e64fa_webp', 15, NULL, NULL),
(55, 'uploads/productImages/6728a4669bb08_jpeg', 16, NULL, NULL),
(56, 'uploads/productImages/6728a4669bf06_webp', 16, NULL, NULL),
(57, 'uploads/productImages/6728a4973b1ca_jpg', 15, NULL, NULL),
(58, 'uploads/productImages/6728a4f620cba_jpeg', 17, NULL, NULL),
(59, 'uploads/productImages/6728a690b95a7_jpg', 17, NULL, NULL),
(61, 'uploads/productImages/6728a73c7884a_jpg', 20, NULL, NULL),
(62, 'uploads/productImages/6728a79bb052e_webp', 20, NULL, NULL),
(63, 'uploads/productImages/6728b909c0c94_png', 22, NULL, NULL);

--
-- Dumping data for table `services`
--

INSERT INTO `services` (`id`, `name`, `small_description`, `description`, `price`, `deleted_at`, `created_at`, `updated_at`) VALUES
(1, 'Vaccine', 'Quo excepturi ea voluptatibus aut qui expedita possimus.', 'Vaccinations are essential to protect your pets from various contagious diseases. At PawClinic, we offer a comprehensive vaccination program tailored to your pet\'s specific needs. Our expert veterinarians use the latest vaccines to ensure maximum protection and effectiveness. Regular immunizations not only safeguard your pets but also contribute to a healthier community by preventing the spread of diseases. Ensure your furry friends stay healthy and safe with our trusted vaccination services', 74.83, NULL, '2024-10-27 23:11:22', '2024-10-27 23:14:51'),
(2, 'Grooming', 'Molestias corporis molestias corrupti dolorem sed.', 'At PawClinic, we provide professional grooming services to keep your pets looking and feeling their best. Our experienced groomers offer a full range of services, including bathing, haircuts, nail trimming, and ear cleaning. Regular grooming helps maintain your pet’s coat health, reduces shedding, and prevents matting. It also allows us to check for any skin issues or parasites that may need attention. Treat your furry friend to a pampering session with our gentle and caring team.', 470.96, NULL, '2024-10-27 23:11:22', '2024-10-27 23:15:29'),
(3, 'Surgery', 'Et incidunt qui voluptas aspernatur.', 'At PawClinic, our skilled veterinary surgeons provide a wide range of surgical services with the utmost care and precision. From routine procedures like spaying and neutering to more complex surgeries, our team is equipped to handle it all. We use advanced surgical techniques and state-of-the-art equipment to ensure the safety and comfort of your pets. Our dedicated staff closely monitors each patient before, during, and after surgery to provide comprehensive care. Trust PawClinic for expert surgical solutions to keep your pets healthy and thriving.', 161.11, NULL, '2024-10-27 23:11:22', '2024-10-27 23:15:54'),
(4, 'Dental', 'Et quia eos eum eum accusantium.', 'At PawClinic, we prioritize your pet\'s dental health with comprehensive dental care services. Regular dental check-ups and cleanings are essential to prevent plaque buildup, gum disease, and tooth decay. Our skilled veterinarians use advanced tools and techniques to ensure your pet’s teeth and gums remain healthy. We also provide dental treatments and surgeries for more serious issues, ensuring your pet receives the best possible care. Keep your furry friend\'s smile bright and their overall health in top shape with our expert dental services.', 168.37, NULL, '2024-10-27 23:11:22', '2024-10-27 23:16:15'),
(5, 'Wellness care', 'Aut ab laborum quaerat et.', 'At PawClinic, we offer comprehensive wellness care to ensure your pets lead healthy, happy lives. Our wellness programs include regular check-ups, vaccinations, parasite prevention, and nutritional counseling tailored to your pet\'s specific needs. Early detection and preventive care are key to maintaining your pet’s health and catching potential issues before they become serious. Our dedicated team provides personalized care plans to support your pet at every life stage. Trust PawClinic for proactive and compassionate wellness care to keep your pets thriving.', 490.75, NULL, '2024-10-27 23:11:22', '2024-10-27 23:16:39'),
(6, 'Pet Boarding', 'Rerum voluptatem ipsum dignissimos aut.', 'At PawClinic, we offer top-notch pet boarding services to provide a safe and comfortable home away from home for your furry friends. Our facility is equipped with clean, spacious accommodations and plenty of playtime to keep your pets happy and engaged. Our experienced staff ensures each pet receives personalized attention, regular exercise, and proper nutrition. We monitor your pet\'s health and well-being closely to ensure they stay safe and content during their stay. Trust PawClinic for a worry-free boarding experience, knowing your pets are in caring hands.', 111.46, NULL, '2024-10-27 23:11:22', '2024-10-27 23:16:59'),
(7, 'est', 'Nemo et quas tenetur aspernatur suscipit.', 'Nemo iste fuga non tenetur consequuntur eligendi.', 197.16, '2024-10-27 23:17:04', '2024-10-27 23:11:22', '2024-10-27 23:17:04'),
(8, 'est', 'Natus alias magnam dicta et odio provident.', 'Eaque et ut ut quae dolor sapiente quasi.', 283.99, '2024-10-27 23:17:07', '2024-10-27 23:11:22', '2024-10-27 23:17:07'),
(9, 'dolorem', 'Non eos blanditiis inventore.', 'Quia dolor quaerat quia est quia quos.', 312.40, '2024-10-27 23:17:10', '2024-10-27 23:11:22', '2024-10-27 23:17:10'),
(10, 'ut', 'Eveniet earum impedit reprehenderit qui alias molestiae qui accusamus.', 'Debitis beatae corrupti temporibus voluptatem.', 162.34, '2024-10-27 23:17:12', '2024-10-27 23:11:22', '2024-10-27 23:17:12'),
(11, 'testyyy', 'qwertyuiop;lkjhgfd', 'sxdcfgvhjkjhgyfdfghjkjhgfdxfghbjklkmjnhbgvfcdfgvbhjnmkl,,mkjnhbgvfcdfvgbhnjmk,lmkjnhbgvfcgbhjnkml,kmjnhbgvfhbjnkmmjhgfvhjkjhgfvbhnjmkjnhbgvhbjknhbgvfghjkjhgfdfghjklkjhgfcghjkl,,mkjnhbgvfcgvhbjnkml,kmjnhbgvbhjnmk,l,mknjhbjnmkl,kmnjbhvgbhnjmk,lmkjnhbgvbhnjmk,lmkjnhbgvhbjnkml,mjnhbgvfhbjnmkl,kmjnhbgvhjnkml,kjuhygmjnhbgvfcdefvgbhnjhgbfvdcswdcfvgbhnjmhgbfvdcsxdcfvgbhjhgbfvdcesdfghjmhgbfredfghjmnhbgvfcdfvgbhnjmnhbgfvcdfvghjmhnbgfvdcsxdfghjkjhygtfrdeefvgbhnjmk,jmhngbfvdcscfvgbhnjmkjhygtrfdefvgbhnj', NULL, '2024-11-02 01:05:13', '2024-11-02 01:00:12', '2024-11-02 01:05:13'),
(12, 'testyy', 'asdfghjkljhgfdfghjkljhgfdsdfghjklkjhgfdsdfghjklkjhgfdsdfghjklkjhgfdfghjk', 'sedrftghbjkmlkoijuhygtvfcrdexcfgvbhjnkml,mkjnhbgvfcdxcfvgbhjnmkljnhbgvfcdxcfgvbhjnmkmnhbgvfcdxsdcfvgbhnjhbgvfcdxsdcfvgbhnjmhnbgvfdcsxdcfvghnjmhnbgfvrdcesxdcfvgbhnjmkjnhbgvfdcxsdcfvgbhnjnhbgvfcdewsxdecrvbtnjubtvrcedxwsdcfvgbhnjhbgvfcdxsdcfvgbhnjbgvfcdxsdcfvgbhnjmnhbgvfcdsdefrgthyujmnbgvcdxsdcfvgbhnjmkjnhgbvfdcsxdcfvgbhnjmhgtfredrfgthyjukmhnbgvfcdfvgbhnjmnhbgvfcdfvgbhnjmnhbgvfdcxsdcfvgbhnjmhbgvfdcsxdcfvgbhnjmnhbgvfdcsxdcfvgbhnjmhgfdeserfgthyujikjhnbgvfdcfvgbhnjmkjnhbgfvdeswderfgthyjmnhbgvfdcfghnjmn bvcdfrgthyjnm bvcdfghyjmnb vgfdcfrgthyjumnhbgvfcdefrgthyujkmnhbgvfdcerfgthyujik,mjnbgvfcderfgthyujik,mjnhbgvfdcfrgthyjumnhgbvfdcfghjmnhbgvfcdfvghyjumnhbgvfdcfvgbh', 77.00, '2024-11-02 01:10:47', '2024-11-02 01:06:02', '2024-11-02 01:10:47');

--
-- Dumping data for table `service_feedback`
--

INSERT INTO `service_feedback` (`id`, `rating`, `feedback`, `user_id`, `service_id`, `deleted_at`, `created_at`, `updated_at`) VALUES
(1, 5, 'Quick and professional service. My pet handled the vaccine well.', 1, 1, NULL, '2024-11-01 11:34:12', '2024-11-04 11:34:12'),
(2, 4, 'Friendly staff and efficient vaccination process.', 2, 1, NULL, '2024-10-23 11:34:12', '2024-11-04 11:34:12'),
(3, 5, 'Very satisfied with the vaccination. Highly recommend!', 3, 1, NULL, '2024-10-17 11:34:12', '2024-11-04 11:34:12'),
(4, 3, 'The vaccine was fine, but the wait time was a bit long.', 4, 1, NULL, '2024-10-15 11:34:12', '2024-11-04 11:34:12'),
(5, 4, 'Professional service. My dog felt comfortable.', 5, 1, NULL, '2024-10-25 11:34:12', '2024-11-04 11:34:12'),
(6, 5, 'Easy process and caring staff. I felt reassured.', 6, 1, NULL, '2024-10-15 11:34:12', '2024-11-04 11:34:12'),
(7, 4, 'Good experience overall. The vets are very gentle.', 7, 1, NULL, '2024-10-20 11:34:12', '2024-11-04 11:34:12'),
(8, 5, 'Pleased with the vaccination service. Thank you!', 8, 1, NULL, '2024-10-30 11:34:12', '2024-11-04 11:34:12'),
(9, 4, 'Quick and well-explained process for pet vaccines.', 9, 1, NULL, '2024-10-29 11:34:12', '2024-11-04 11:34:12'),
(10, 5, 'Highly professional. My cat was vaccinated without stress.', 10, 1, NULL, '2024-10-24 11:34:12', '2024-11-04 11:34:12'),
(11, 5, 'Staff was knowledgeable and friendly during vaccination.', 11, 1, NULL, '2024-11-03 11:34:12', '2024-11-04 11:34:12'),
(12, 4, 'The vaccine was smooth, and the vet was very kind.', 12, 1, NULL, '2024-10-16 11:34:12', '2024-11-04 11:34:12'),
(13, 5, 'My pet had a great experience. Vaccination was easy.', 13, 1, NULL, '2024-10-22 11:34:12', '2024-11-04 11:34:12'),
(14, 3, 'Good vaccine service, but they were a bit busy.', 14, 1, NULL, '2024-10-27 11:34:12', '2024-11-04 11:34:12'),
(15, 4, 'Very organized vaccination process. Staff was helpful.', 15, 1, NULL, '2024-10-30 11:34:12', '2024-11-04 11:34:12'),
(16, 5, 'Highly recommend for vaccines. The process was seamless.', 16, 1, NULL, '2024-10-22 11:34:12', '2024-11-04 11:34:12'),
(17, 4, 'Great service, and my puppy was well cared for.', 17, 1, NULL, '2024-10-14 11:34:12', '2024-11-04 11:34:12'),
(18, 5, 'Friendly and professional staff. Vaccination was quick.', 18, 1, NULL, '2024-10-25 11:34:12', '2024-11-04 11:34:12'),
(19, 4, 'Vaccination was smooth and professional. Very happy.', 19, 1, NULL, '2024-10-10 11:34:12', '2024-11-04 11:34:12'),
(20, 5, 'Top-notch vaccination service. Very comforting.', 20, 1, NULL, '2024-10-28 11:34:12', '2024-11-04 11:34:12'),
(21, 5, 'Excellent grooming service! My pet looks fantastic.', 1, 2, NULL, '2024-11-10 11:40:55', '2024-11-04 11:40:55'),
(22, 4, 'Good grooming experience, though a bit pricey.', 2, 2, NULL, '2024-10-15 11:40:55', '2024-11-04 11:40:55'),
(23, 5, 'My dog has never looked better. Highly recommend!', 3, 2, NULL, '2024-10-25 11:40:55', '2024-11-04 11:40:55'),
(24, 4, 'Professional grooming. My cat was well cared for.', 4, 2, NULL, '2024-11-01 11:40:55', '2024-11-04 11:40:55'),
(25, 5, 'The groomers did a wonderful job with my pet.', 5, 2, NULL, '2024-10-23 11:40:55', '2024-11-04 11:40:55'),
(26, 3, 'Grooming was fine, but my dog was a bit anxious.', 6, 2, NULL, '2024-11-06 11:40:55', '2024-11-04 11:40:55'),
(27, 4, 'Very satisfied with the grooming results.', 7, 2, NULL, '2024-11-04 11:40:55', '2024-11-04 11:40:55'),
(28, 5, 'Great grooming service! My pet looks so neat.', 8, 2, NULL, '2024-10-30 11:40:55', '2024-11-04 11:40:55'),
(29, 4, 'The grooming process was well handled. Thank you.', 9, 2, NULL, '2024-11-01 11:40:55', '2024-11-04 11:40:55'),
(30, 5, 'My pet is so happy after grooming! Great job.', 10, 2, NULL, '2024-10-29 11:40:55', '2024-11-04 11:40:55'),
(31, 4, 'Excellent job on grooming, although it took some time.', 11, 2, NULL, '2024-10-22 11:40:55', '2024-11-04 11:40:55'),
(32, 5, 'Very pleased with the grooming results. Will return.', 12, 2, NULL, '2024-10-28 11:40:55', '2024-11-04 11:40:55'),
(33, 3, 'Good grooming, but my cat seemed a little stressed.', 13, 2, NULL, '2024-10-20 11:40:55', '2024-11-04 11:40:55'),
(34, 5, 'Fantastic grooming job! Highly recommend this place.', 14, 2, NULL, '2024-11-04 11:40:55', '2024-11-04 11:40:55'),
(35, 4, 'Satisfied with the grooming. My pet looks great.', 15, 2, NULL, '2024-10-23 11:40:55', '2024-11-04 11:40:55'),
(36, 5, 'Very professional grooming staff. Excellent results.', 16, 2, NULL, '2024-11-03 11:40:55', '2024-11-04 11:40:55'),
(37, 4, 'Nice grooming experience. My dog is so happy.', 17, 2, NULL, '2024-10-29 11:40:55', '2024-11-04 11:40:55'),
(38, 5, 'Best grooming service I’ve tried. Highly recommend!', 18, 2, NULL, '2024-10-16 11:40:55', '2024-11-04 11:40:55'),
(41, 5, 'Surgery went well, and my pet is recovering nicely.', 1, 3, NULL, '2024-11-04 11:43:11', '2024-11-04 11:43:11'),
(42, 4, 'Good experience with the surgical team.', 2, 3, NULL, '2024-10-21 11:43:11', '2024-11-04 11:43:11'),
(43, 5, 'The surgeons were very skilled and caring.', 3, 3, NULL, '2024-10-15 11:43:11', '2024-11-04 11:43:11'),
(44, 4, 'Surgery was a success, but the wait was long.', 4, 3, NULL, '2024-11-01 11:43:11', '2024-11-04 11:43:11'),
(45, 5, 'My pet had successful surgery. Very thankful.', 5, 3, NULL, '2024-11-02 11:43:11', '2024-11-04 11:43:11'),
(46, 3, 'Good surgery, though my pet was quite scared.', 6, 3, NULL, '2024-11-03 11:43:11', '2024-11-04 11:43:11'),
(47, 5, 'Highly recommend for pet surgeries. Great care.', 7, 3, NULL, '2024-10-22 11:43:11', '2024-11-04 11:43:11'),
(48, 4, 'Skilled and compassionate surgeons. Thank you!', 8, 3, NULL, '2024-10-21 11:43:11', '2024-11-04 11:43:11'),
(49, 5, 'Surgery went smoothly, and the staff was kind.', 9, 3, NULL, '2024-11-04 11:43:11', '2024-11-04 11:43:11'),
(50, 5, 'Fantastic surgical team. My pet is healing well.', 10, 3, NULL, '2024-10-20 11:43:11', '2024-11-04 11:43:11'),
(51, 4, 'Good surgical service, but the process was long.', 11, 3, NULL, '2024-10-22 11:43:11', '2024-11-04 11:43:11'),
(52, 5, 'The surgeons took great care of my pet.', 12, 3, NULL, '2024-11-01 11:43:11', '2024-11-04 11:43:11'),
(53, 3, 'Surgery went fine, but my pet was anxious.', 13, 3, NULL, '2024-11-02 11:43:11', '2024-11-04 11:43:11'),
(54, 5, 'Very professional and kind staff for surgeries.', 14, 3, NULL, '2024-10-22 11:43:11', '2024-11-04 11:43:11'),
(55, 4, 'Thankful for the surgery team. My pet is recovering.', 15, 3, NULL, '2024-11-12 11:43:11', '2024-11-04 11:43:11'),
(56, 5, 'Highly skilled surgeons. Surgery was successful.', 16, 3, NULL, '2024-11-04 11:43:11', '2024-11-04 11:43:11'),
(61, 5, 'Amazing dental service! My dog’s teeth look so clean.', 1, 4, NULL, '2024-10-21 11:45:46', '2024-11-04 11:45:46'),
(62, 4, 'Professional staff for dental care, but a bit pricey.', 2, 4, NULL, '2024-10-21 11:45:46', '2024-11-04 11:45:46'),
(63, 5, 'Highly recommend for pet dental cleaning. Great job.', 3, 4, NULL, '2024-10-24 11:45:46', '2024-11-04 11:45:46'),
(64, 4, 'Good dental care for my cat. Very gentle.', 4, 4, NULL, '2024-10-15 11:45:46', '2024-11-04 11:45:46'),
(65, 5, 'My dog had a great experience. His teeth look perfect!', 5, 4, NULL, '2024-10-23 11:45:46', '2024-11-04 11:45:46'),
(66, 3, 'Dental care was fine, but the wait was a bit long.', 6, 4, NULL, '2024-11-02 11:45:46', '2024-11-04 11:45:46'),
(67, 5, 'Wonderful dental service. My pet is happier now!', 7, 4, NULL, '2024-11-04 11:45:46', '2024-11-04 11:45:46'),
(68, 4, 'Satisfied with the dental cleaning. Professional staff.', 8, 4, NULL, '2024-10-20 11:45:46', '2024-11-04 11:45:46'),
(69, 5, 'Excellent job! My pet’s teeth look so much better.', 9, 4, NULL, '2024-10-25 11:45:46', '2024-11-04 11:45:46'),
(70, 4, 'Good experience, though my dog was a bit nervous.', 10, 4, NULL, '2024-11-03 11:45:46', '2024-11-04 11:45:46'),
(71, 5, 'Very pleased with the dental results. Thank you!', 11, 4, NULL, '2024-10-20 11:45:46', '2024-11-04 11:45:46'),
(72, 4, 'The dental cleaning went smoothly. Friendly staff.', 12, 4, NULL, '2024-10-10 11:45:46', '2024-11-04 11:45:46'),
(73, 5, 'Professional service. My pet’s breath is fresh now!', 13, 4, NULL, '2024-10-22 11:45:46', '2024-11-04 11:45:46'),
(74, 3, 'Decent dental cleaning, but the place was busy.', 14, 4, NULL, '2024-11-01 11:45:46', '2024-11-04 11:45:46'),
(75, 5, 'Excellent care for my dog’s dental needs.', 15, 4, NULL, '2024-11-17 11:45:46', '2024-11-04 11:45:46'),
(76, 4, 'Good dental cleaning for my cat. Staff was gentle.', 16, 4, NULL, '2024-10-13 11:45:46', '2024-11-04 11:45:46'),
(77, 5, 'Top-notch dental service. Highly recommend!', 17, 4, NULL, '2024-10-28 11:45:46', '2024-11-04 11:45:46'),
(81, 5, 'Comprehensive wellness checkup. The vet was excellent.', 1, 5, NULL, '2024-10-16 11:47:22', '2024-11-04 11:47:22'),
(82, 4, 'Good wellness care, but the wait time was a bit long.', 2, 5, NULL, '2024-11-04 11:47:22', '2024-11-04 11:47:22'),
(83, 5, 'Very happy with the wellness service for my cat.', 3, 5, NULL, '2024-10-25 11:47:22', '2024-11-04 11:47:22'),
(84, 4, 'Professional wellness checkup. My pet feels great.', 4, 5, NULL, '2024-11-04 11:47:22', '2024-11-04 11:47:22'),
(85, 5, 'Detailed and thorough wellness exam. Very satisfied.', 5, 5, NULL, '2024-10-22 11:47:22', '2024-11-04 11:47:22'),
(86, 3, 'The wellness check was fine, but they seemed short-staffed.', 6, 5, NULL, '2024-10-24 11:47:22', '2024-11-04 11:47:22'),
(87, 5, 'Great wellness service. My dog feels healthier!', 7, 5, NULL, '2024-10-28 11:47:22', '2024-11-04 11:47:22'),
(88, 4, 'Good care during the wellness check. The vet was kind.', 8, 5, NULL, '2024-11-04 11:47:22', '2024-11-04 11:47:22'),
(89, 5, 'Excellent checkup! The vet was very knowledgeable.', 9, 5, NULL, '2024-10-23 11:47:22', '2024-11-04 11:47:22'),
(90, 4, 'Thorough wellness care. They took great care of my pet.', 10, 5, NULL, '2024-10-20 11:47:22', '2024-11-04 11:47:22'),
(91, 5, 'My pet is in good hands. Highly recommend wellness care.', 11, 5, NULL, '2024-10-16 11:47:22', '2024-11-04 11:47:22'),
(92, 4, 'Professional wellness exam. My pet was comfortable.', 12, 5, NULL, '2024-11-04 11:47:22', '2024-11-04 11:47:22'),
(93, 5, 'Very detailed wellness check. My pet is in great shape.', 13, 5, NULL, '2024-10-16 11:47:22', '2024-11-04 11:47:22'),
(94, 3, 'Wellness check was okay, but the clinic was crowded.', 14, 5, NULL, '2024-11-04 11:47:22', '2024-11-04 11:47:22'),
(95, 5, 'The vet was attentive during the wellness exam.', 15, 5, NULL, '2024-10-21 11:47:22', '2024-11-04 11:47:22'),
(96, 4, 'Good wellness care for my cat. Staff was friendly.', 16, 5, NULL, '2024-10-23 11:47:22', '2024-11-04 11:47:22'),
(97, 5, 'Exceptional care! My pet’s wellness is a priority here.', 17, 5, NULL, '2024-11-19 11:47:22', '2024-11-04 11:47:22'),
(98, 4, 'Thorough and professional wellness checkup.', 18, 5, NULL, '2024-11-03 11:47:22', '2024-11-04 11:47:22'),
(99, 5, 'Fantastic wellness care service. Very pleased.', 19, 5, NULL, '2024-10-22 11:47:22', '2024-11-04 11:47:22'),
(101, 5, 'My pet had a great time at boarding. Highly recommend!', 1, 6, NULL, '2024-10-29 11:49:18', '2024-11-04 11:49:18'),
(102, 4, 'Good boarding service. My dog seemed happy.', 2, 6, NULL, '2024-10-17 11:49:18', '2024-11-04 11:49:18'),
(103, 5, 'Fantastic experience with pet boarding. Very caring staff.', 3, 6, NULL, '2024-10-27 11:49:18', '2024-11-04 11:49:18'),
(104, 4, 'My cat was well cared for. Nice boarding service.', 4, 6, NULL, '2024-11-01 11:49:18', '2024-11-04 11:49:18'),
(105, 5, 'Highly recommend for pet boarding. My pet was happy!', 5, 6, NULL, '2024-11-17 11:49:18', '2024-11-04 11:49:18'),
(106, 3, 'Boarding was fine, though my dog seemed a bit anxious.', 6, 6, NULL, '2024-11-03 11:49:18', '2024-11-04 11:49:18'),
(107, 5, 'Very caring and professional boarding staff.', 7, 6, NULL, '2024-10-21 11:49:18', '2024-11-04 11:49:18'),
(108, 4, 'Good boarding experience, but a bit expensive.', 8, 6, NULL, '2024-11-03 11:49:18', '2024-11-04 11:49:18'),
(109, 5, 'My pet was in great hands during boarding.', 9, 6, NULL, '2024-10-22 11:49:18', '2024-11-04 11:49:18'),
(110, 4, 'The boarding service was satisfactory. My pet is happy.', 10, 6, NULL, '2024-10-27 11:49:18', '2024-11-04 11:49:18'),
(111, 5, 'The boarding staff is wonderful. Highly recommend!', 11, 6, NULL, '2024-11-04 11:49:18', '2024-11-04 11:49:18'),
(112, 4, 'Good boarding experience. My dog seemed comfortable.', 12, 6, NULL, '2024-10-12 11:49:18', '2024-11-04 11:49:18'),
(113, 5, 'My pet was treated well. Boarding was a success.', 13, 6, NULL, '2024-11-14 11:49:18', '2024-11-04 11:49:18'),
(114, 3, 'Boarding was okay, but they seemed a bit busy.', 14, 6, NULL, '2024-10-22 11:49:18', '2024-11-04 11:49:18'),
(115, 5, 'Amazing boarding service! My pet felt right at home.', 15, 6, NULL, '2024-10-25 11:49:18', '2024-11-04 11:49:18'),
(116, 4, 'Good pet boarding experience overall.', 16, 6, NULL, '2024-10-28 11:49:18', '2024-11-04 11:49:18'),
(117, 5, 'Great boarding facility. My pet enjoyed it.', 17, 6, NULL, '2024-10-20 11:49:18', '2024-11-04 11:49:18'),
(118, 4, 'Satisfied with the pet boarding. Staff was friendly.', 18, 6, NULL, '2024-10-17 11:49:18', '2024-11-04 11:49:18'),
(119, 5, 'Wonderful pet boarding service. My dog loves it here.', 19, 6, NULL, '2024-10-08 11:49:18', '2024-11-04 11:49:18'),
(120, 5, 'Fantastic care during boarding. Very reassuring.', 20, 6, NULL, '2024-10-21 11:49:18', '2024-11-04 11:49:18');

--
-- Dumping data for table `service_images`
--

INSERT INTO `service_images` (`id`, `image`, `service_id`, `created_at`, `updated_at`) VALUES
(1, 'uploads/service/671f614f4e4d5_png', 1, NULL, NULL),
(4, 'uploads/service/671f6adb76841_png', 3, NULL, NULL),
(5, 'uploads/service/671f6b0014d90_png', 4, NULL, NULL),
(6, 'uploads/service/671f6b1f0e7c2_png', 5, NULL, NULL),
(7, 'uploads/service/671f6b41db699_png', 6, NULL, NULL),
(11, 'uploads/service/671f6fc27052b_jpeg', 2, NULL, NULL),
(12, 'uploads/service/671f6fc2710d1_jpg', 2, NULL, NULL),
(13, 'uploads/service/6725f82cef9b8_png', 11, NULL, NULL),
(14, 'uploads/service/6725f82cf078d_png', 11, NULL, NULL),
(15, 'uploads/service/6725f82d02fcc_png', 11, NULL, NULL),
(16, 'uploads/service/6725f82d03730_png', 11, NULL, NULL),
(17, 'uploads/service/6725f82d03ec9_png', 11, NULL, NULL),
(18, 'uploads/service/6725f82d044fe_png', 11, NULL, NULL),
(19, 'uploads/service/6725f82d04bd2_png', 11, NULL, NULL),
(20, 'uploads/service/6725f82d05267_png', 11, NULL, NULL),
(21, 'uploads/service/6725f82d05882_png', 11, NULL, NULL),
(22, 'uploads/service/6725f98a10719_png', 12, NULL, NULL),
(24, 'uploads/service/6725f98a11a24_png', 12, NULL, NULL),
(26, 'uploads/service/6725f98a128ba_png', 12, NULL, NULL),
(27, 'uploads/service/6725f98a12f48_png', 12, NULL, NULL),
(28, 'uploads/service/6725f98a136e9_png', 12, NULL, NULL),
(31, 'uploads/service/6725fd74d22c3_jpeg', 1, NULL, NULL),
(32, 'uploads/service/6725fd8286acc_jpeg', 1, NULL, NULL),
(35, 'uploads/service/6725fef5352b8_jpg', 2, NULL, NULL),
(36, 'uploads/service/6725fff760ec1_jpeg', 3, NULL, NULL),
(38, 'uploads/service/6725fff762115_jpg', 3, NULL, NULL),
(39, 'uploads/service/672601289b196_jpg', 4, NULL, NULL),
(40, 'uploads/service/672601289ba85_jpg', 4, NULL, NULL),
(42, 'uploads/service/67260234349dc_jpeg', 5, NULL, NULL),
(43, 'uploads/service/672602343526c_jpeg', 5, NULL, NULL),
(44, 'uploads/service/672602df40527_jpeg', 6, NULL, NULL),
(45, 'uploads/service/672602df40f7b_jpg', 6, NULL, NULL);

--
-- Dumping data for table `testimonials`
--

INSERT INTO `testimonials` (`id`, `message`, `rating`, `user_id`, `deleted_at`, `created_at`, `updated_at`) VALUES
(1, 'I had a wonderful experience at PawClinic! The staff was very friendly and attentive to my pet’s needs.', 4, 10, NULL, '2024-09-30 11:50:33', '2024-11-01 20:08:39'),
(2, 'The veterinarian was knowledgeable and helped me understand my pet’s health better. Highly recommend!', 5, 11, NULL, '2024-10-16 11:50:39', '2024-11-01 20:16:30'),
(4, 'Great service! My dog loves coming here, and I feel confident in the care provided.', 5, 12, NULL, '2024-10-20 22:16:17', '2024-11-04 05:02:27'),
(5, 'I was impressed with the cleanliness of the clinic and the professionalism of the staff.', 4, 13, NULL, '2024-10-22 22:17:08', '2024-11-04 05:02:29'),
(6, 'Affordable prices and excellent care. I couldn’t ask for more!', 5, 14, NULL, '2024-10-31 22:19:39', '2024-11-04 05:02:30'),
(7, 'The team was caring and took the time to explain everything. I will definitely be returning.', 4, 15, NULL, '2024-10-22 22:20:07', '2024-11-04 05:02:32'),
(8, 'PawClinic is the best place for my pets. They always receive the best care and attention.', 4, 16, NULL, '2024-09-09 22:21:04', '2024-11-04 05:02:34'),
(9, 'Had a great experience during my last visit. The reception staff were also very welcoming.', 5, 17, NULL, '2024-11-01 23:04:31', '2024-11-04 05:02:36'),
(10, 'I’m so grateful for the care my cat received here. The vets really care about their patients.', 4, 18, NULL, '2024-10-30 23:07:58', '2024-11-04 05:02:38'),
(11, 'The services offered are fantastic, and the staff is always ready to help.', 5, 19, NULL, '2024-09-30 23:12:37', '2024-11-04 05:02:39'),
(12, 'I appreciate the thorough check-up and the friendly advice on pet care.', 5, 20, NULL, '2024-10-31 23:12:57', '2024-11-04 05:02:40'),
(13, 'My cat had a surgery here, and the staff took great care of her. Thank you, PawClinic!', 4, 21, NULL, '2024-09-23 23:13:49', '2024-11-04 05:02:42'),
(14, 'PawClinic has been a lifesaver for my pet! They really know what they are doing.', 4, 22, NULL, '2024-10-07 23:14:37', '2024-11-04 05:02:44'),
(15, 'The waiting area is clean and comfortable, and the staff is always helpful.', 5, 1, NULL, '2024-11-01 20:07:35', '2024-11-04 05:02:45'),
(16, 'I love how they provide follow-up calls to check on my pet after a visit.', 4, 2, NULL, '2024-09-17 20:15:53', '2024-11-04 05:02:48'),
(17, 'They offer a wide range of services, and I feel confident bringing my pets here.', 5, 101, NULL, '2024-11-04 00:47:10', '2024-11-04 05:02:49'),
(18, 'love you❤️', 4, 101, NULL, '2024-11-04 15:00:19', '2024-11-04 15:00:19');

--
-- Dumping data for table `users`
--

INSERT INTO `users` (`id`, `Fname`, `Lname`, `role`, `email`, `email_verified_at`, `mobile`, `password`, `deleted_at`, `remember_token`, `created_at`, `updated_at`) VALUES
(1, 'Ahmad', 'Khaled', 'manager', 'goyette.ora@example.com', '2024-10-30 16:29:15', '+1-260-426-8249', '$2y$10$4CuXxHC5t/rDw5YXR2uFCOgvB.I/7gnGBZwwEI9QyyrSR5MKR6cCW', NULL, 'LxVS6COn4e', '2024-10-30 16:29:18', '2024-10-30 16:29:18'),
(2, 'Youssef', 'Aziz', 'store_manager', 'imani20@example.org', '2024-10-30 16:29:15', '+14586626827', '$2y$10$sGx3ZG023eXDGyVKHWZZou0fXinyyTqxOY97LFANg6HIUrjy6YkhK', NULL, 'yAgzSMCYzI', '2024-10-30 16:29:18', '2024-11-02 12:32:21'),
(3, 'Samir', 'Nasr', 'store_manager', 'jacobson.dale@example.com', '2024-10-30 16:29:15', '(856) 399-4354', '$2y$10$wEbsiQAFNUdRRktT6/zSVOxEwxfK1.PgjffvWNxKpJXfCxynJOohi', NULL, 'OcWzFfaX2M', '2024-10-30 16:29:18', '2024-10-30 16:29:18'),
(4, 'Layla', 'Hassan', 'veterinarian', 'beatty.elda@example.net', '2024-10-30 16:29:15', '1-971-706-0418', '$2y$10$KNEB1p.oYzLKXcGyHia5yOkaLIQCf816vKejrk9V3NWl5I2aCdjBi', NULL, 'kL6gDXvMr2', '2024-10-30 16:29:18', '2024-10-30 16:29:18'),
(5, 'Mona', 'Zaki', 'veterinarian', 'sborer@example.net', '2024-10-30 16:29:16', '+19524164990', '$2y$10$TIl.34Y3LkAbg1R1t07FDOX7O90nhxu1ir5xJ97AepUUfh9EG00GO', NULL, 'lSmRv5e2bc', '2024-10-30 16:29:18', '2024-10-30 16:29:18'),
(6, 'Nour', 'Omar', 'store_manager', 'llesch@example.org', '2024-10-30 16:29:16', '205-604-9478', '$2y$10$nyRsa1vqcrQMaZhp2SQRkud5/tKupXQGQZLD9Syaj0V2V/iueNJSC', NULL, 'axpNZ0AZ4M', '2024-10-30 16:29:18', '2024-10-30 16:29:18'),
(7, 'Fadi', 'Karam', 'user', 'gulgowski.fausto@example.net', '2024-10-30 16:29:16', '+1-562-818-8465', '$2y$10$seklJMlaDzCRikVY1TY7Y.wKf/GGxb6YXkq0Zk.FXto.Bl18ZS/cG', NULL, 'JFy0ssNdCa', '2024-10-30 16:29:18', '2024-10-30 16:29:18'),
(8, 'Amina', 'Salem', 'user', 'lafayette.hoeger@example.net', '2024-10-30 16:29:16', '+1 (802) 653-4096', '$2y$10$mD2/Ww.cR.3L2WUPKBQG9uiRDQq7aMeOAVtWVtmiNsvKJPXm..Mcq', NULL, 'ZIWH5MnmM9', '2024-10-30 16:29:18', '2024-10-30 16:29:18'),
(9, 'Rania', 'Hassan', 'manager', 'bergnaum.darion@example.com', '2024-10-30 16:29:16', '+1-986-629-3121', '$2y$10$f4N6D1fj4SRNx/32PjlhieFWsddP2Lo2cBCnPyDpTK9s1nsSnnj3G', NULL, 'qlcTncDpfv', '2024-10-30 16:29:18', '2024-10-30 16:29:18'),
(10, 'Sara', 'Nabil', 'receptionist', 'amy46@example.org', '2024-10-30 16:29:16', '1-940-999-6856', '$2y$10$828kx988MSspOeoZzmo7sepPvX.WpvyWV88xRpfXaHNkYE0T3GDyS', NULL, '5KdayMMGd0', '2024-10-30 16:29:18', '2024-10-30 16:29:18'),
(11, 'Adel', 'Qassem', 'manager', 'chauck@example.org', '2024-10-30 16:29:16', '234-453-4521', '$2y$10$fLoa3dOulx4O9TTwMnsrtujvV2O2k2/CVrtnH.PA3MN9dbnQAPJpa', NULL, 'SsBngDZK7h', '2024-10-30 16:29:18', '2024-10-30 16:29:18'),
(12, 'Sahar', 'Awad', 'user', 'dayton19@example.net', '2024-10-30 16:29:16', '507.617.2807', '$2y$10$JNeRKE.rm3xm9127Y.u5AedUkvqpzp1KCGu6BxPudlP6x78TkgMKC', NULL, 'bZK2V8GcQf', '2024-10-30 16:29:18', '2024-10-30 16:29:18'),
(13, 'Tarek', 'Habib', 'receptionist', 'okeefe.alek@example.com', '2024-10-30 16:29:17', '219-247-6871', '$2y$10$4ExSpD1Q1vwMcU4MC.D2MOIH3J6.E9z3shXQ1ku7.0M1QCdH.ntmO', NULL, 'BkZGPW8TRJ', '2024-10-30 16:29:18', '2024-10-30 16:29:18'),
(14, 'Karim', 'Nader', 'store_manager', 'zakary.flatley@example.org', '2024-10-30 16:29:17', '+1-640-209-1632', '$2y$10$X2fa20d1JbnLN1HjM4YgzeP0m8b9zO.CaWTcG2h/1OIT6hsnqPqDC', NULL, '03YeqH4ItN', '2024-10-30 16:29:18', '2024-10-30 16:29:18'),
(15, 'Rami', 'Hafez', 'veterinarian', 'jordan06@example.net', '2024-10-30 16:29:17', '630.963.2499', '$2y$10$pkYftsWDYD6aXtG38dMUoeXxC.XNSl2ficFJS73ePnJFnrlBKx4um', NULL, 'P95lr8vYZq', '2024-10-30 16:29:18', '2024-10-30 16:29:18'),
(16, 'Alya', 'Saleh', 'veterinarian', 'imurphy@example.com', '2024-10-30 16:29:17', '+1-728-280-8153', '$2y$10$TPiPUSgh9zNgj4frzRBkXeXslBGGgn91Nkzjfb5KzPoI5GA5nRnIC', NULL, 'OL9tzQLGva', '2024-10-30 16:29:18', '2024-10-30 16:29:18'),
(17, 'Fayez', 'Najjar', 'user', 'nmarquardt@example.com', '2024-10-30 16:29:17', '515-891-9574', '$2y$10$TmgxBh2SqqvZgim82A6fKOMzA1Y9PRbwwqDNiO/Ec6cR0zLFW07Ey', NULL, 'yZANSmZNBz', '2024-10-30 16:29:18', '2024-10-30 16:29:18'),
(18, 'Majed', 'Youssef', 'user', 'joesph30@example.net', '2024-10-30 16:29:17', '+1-207-231-7027', '$2y$10$DXyAGFDnPy/RJt6kEnccxuCewSgnZDD9Wpm0ug0C4zrfZ0ULWZ8ZG', NULL, 'RV5AcUshVK', '2024-10-30 16:29:18', '2024-10-30 16:29:18'),
(19, 'Dana', 'Azar', 'receptionist', 'becker.quentin@example.org', '2024-10-30 16:29:17', '931-589-3664', '$2y$10$YVRONk2k/dTppO7sDLJS4.jRBbCT4yrpx0J4P8s5HttYeIs5rco8a', NULL, 'DQ2N8LtWCU', '2024-10-30 16:29:18', '2024-10-30 16:29:18'),
(20, 'Maha', 'Shahin', 'receptionist', 'juna.boyle@example.net', '2024-10-30 16:29:17', '+1-586-987-6259', '$2y$10$buD2VxWwcm7gUg1R1B0EOx6n90vhDgxEia57y97SEaRYfh8EP0IEO', NULL, 'KXmY8PE4xz', '2024-10-30 16:29:18', '2024-10-30 16:29:18'),
(21, 'Farida', 'Kamel', 'user', 'angel.weber@example.com', '2024-10-30 16:29:17', '1-340-856-1990', '$2y$10$cXkPFRN2WDRypspBGV.kXOJRNGXBz6tLmNw6bRTYeQLLJTDgSvzmC', NULL, 'nRqWN7rMCK', '2024-10-30 16:29:18', '2024-10-30 16:29:18'),
(22, 'Said', 'Fouad', 'user', 'gsmitham@example.net', '2024-10-30 16:29:17', '256-768-4839', '$2y$10$euosOYVwLU/CdGtnH.s2B.yV6k.XU9VWnnalRnqevw5PNwQuP4HKW', NULL, 'MCTwZckBaP', '2024-10-30 16:29:18', '2024-10-30 16:29:18'),
(23, 'Ali', 'Hassan', 'manager', 'tristan.reilly@example.org', '2024-10-30 16:29:17', '+1-925-956-4602', '$2y$10$q13YUE/lFGUBQm7JTVgDLeiqQCPy0xObZl.L0rElpMZZ57qFVYZLC', NULL, 'J8HrR9EbNZ', '2024-10-30 16:29:18', '2024-10-30 16:29:18'),
(24, 'Khaled', 'Osman', 'veterinarian', 'roslyn94@example.com', '2024-10-30 16:29:17', '+1-762-235-2187', '$2y$10$eXcViIqnlshpEjfVpY56buxXW2kz5ZX4XB7Vwbb2eqjE4GhqVv3wA', NULL, 'H8QfTWDIZ5', '2024-10-30 16:29:18', '2024-10-30 16:29:18'),
(25, 'Nabil', 'Salem', 'user', 'marjorie57@example.net', '2024-10-30 16:29:17', '+1-260-426-8888', '$2y$10$TpVeQNrZ5O1kdEDCkDzYYOH6u89j9wwEdns6KD2TXkO5Daet1BLS2', NULL, '6LKtbvhW13', '2024-10-30 16:29:18', '2024-10-30 16:29:18'),
(101, 'Rasha', 'yaseen', 'manager', 'yaseenrasha4@gmail.com', NULL, '0796567379', '$2y$10$LDftS9nA4RAd9AFDKYF78.rVraBQOk5WocQUA/LE8s5Q1PwqsZGmW', NULL, NULL, '2024-10-30 17:07:43', '2024-10-30 17:07:43');
COMMIT;

/*!40101 SET CHARACTER_SET_CLIENT=@OLD_CHARACTER_SET_CLIENT */;
/*!40101 SET CHARACTER_SET_RESULTS=@OLD_CHARACTER_SET_RESULTS */;
/*!40101 SET COLLATION_CONNECTION=@OLD_COLLATION_CONNECTION */;
